samplingFrequency,polynomialAugmentation,features,history,nbIter,nbEpoch,MAPE_min,MAPE_med,MAPE_max,MAPE_std,MAPE_CI,MAPE_mean,RMSE_min,RMSE_med,RMSE_max,RMSE_std,RMSE_CI,RMSE_mean,nRMSE,MAE_min,MAE_med,MAE_max,MAE_std,MAE_CI,MAE_mean,nMAE,R2_min,R2_med,R2_max,R2_std,R2_CI,R2_mean,MBE_min,MBE_med,MBE_max,MBE_std,MBE_CI,MBE_mean
72_hours,1,GHI,5,10,14.0,25.438473310364294,26.398284809210928,27.503269184190447,0.6151837748077843,0.07052990042246615,26.42917853712138,107.5623398037137,112.50426091514336,118.34935182320038,3.1968983103484434,0.08608474153899051,112.67676321764752,0.3095259955299449,89.18748459821019,94.48093939831233,100.50233934760952,3.3864160062343194,0.10823815373906463,94.64498581025407,0.2599922345856681,-0.31328372994011944,-0.18681082773134305,-0.08479400930453607,0.06774858865093121,-1.0739348458318954,-0.19126957348886514,-71.28149089802145,-61.446212079437586,-52.48181090627118,5.665971736803823,-0.27716310712787534,-61.66687038060002
72_hours,1,GHI,10,10,14.4,25.013957074536936,25.40090672257143,26.996511299749127,0.5569220991214348,0.06388908345647887,25.49724145620826,95.7391466213238,97.13556745852136,103.6612215522414,2.3148627360433824,0.06913459512883025,98.01795267458667,0.2703284568004239,76.3675961146226,79.03149920315073,85.35666000800003,2.385954560774932,0.09567357656180617,79.66108112511942,0.21970115208486946,-0.005427468613385056,0.11717244566585744,0.14237544770160315,0.043195776133487934,1.254552754026106,0.10061155059786495,-40.265672572719836,-14.880086014766169,21.26287267694372,15.696301707726818,-3.450705158285024,-14.92312390701459
72_hours,1,GHI,15,10,17.9,25.81099396970891,26.28575949305481,27.26120830458198,0.5225270007888441,0.05103477428288105,26.43989664734703,97.41417996516338,103.1937568015579,115.94207123753112,5.754241143586586,0.16524840097049967,103.92236086340624,0.2866125099809921,77.09192384546537,85.55657062667774,96.50337606245238,5.856816696139198,0.20938729000314987,85.39964766961862,0.23552782256605384,-0.25776704230838265,0.0036174445020712986,0.11210326398337267,0.11440390948003332,-25.69387946359335,-0.013287798857464572,-61.78529319267921,-30.725548647600117,17.457179744073425,25.724822613093927,-3.0488332036281602,-24.206986941079833
72_hours,1,GHI,20,10,13.0,25.088676384796788,26.340616759499962,29.159767787435904,1.5236037548703567,0.1486253950750081,26.87568236394177,92.62019732287851,101.4645495310752,109.54268671037252,5.023410641473991,0.15464138007873396,100.39813685929809,0.2781348132730681,74.77659153148352,81.24302214471577,90.56170193256344,4.934946716005133,0.1806920346066023,81.45967599038667,0.22566924526321558,-0.12365662412810541,0.03595427272439261,0.19669911914825422,0.09425826124978037,5.4186154106309665,0.053990336597560015,-46.239652494885085,-2.290516347812302,39.961457090462496,28.378430830672155,-39.13513895244179,-2.0583851425828357
72_hours,1,GHI,25,10,27.7,26.233544900058845,28.07117081638766,31.757591012211407,1.7568006953230464,0.1760966949523408,28.36127458782415,95.48399628482576,105.19222102303078,116.4796108381624,6.6381692841424105,0.18431710535418708,104.14549827885944,0.2885161978415593,74.05972145214578,79.77373998431534,91.64705293824385,6.847597270700037,0.21439310469919245,81.21992628556461,0.22500506222686695,-0.27047657320644003,-0.03617764490028663,0.14625531340667552,0.13092285315317198,-19.60904342298119,-0.01937251167040547,-45.94915241000513,26.956530896447205,47.46395880936924,29.74805104389225,4.341860843512726,20.0430286098584
72_hours,2,GHI,5,10,12.2,24.28126325473331,24.574479557336296,25.747642641497915,0.4304055159522936,0.052320230493697814,24.72604722485046,93.63403327629793,94.66745159664123,101.02428802917095,2.1700987742038027,0.0653093344177465,95.22204783858373,0.26157743896765995,75.04048478456238,76.40905361969511,83.27425495445327,2.3650468494210886,0.08913325108070491,76.90541842739142,0.21126118216943118,0.043073914886964215,0.15970999255044993,0.1779575245255156,0.039641761600524024,0.758069078756469,0.1494403226168149,-38.27626505615797,-14.011378696582867,9.864072722280026,12.628500553875382,-3.3353860397328265,-12.349903990760966
72_hours,2,GHI,10,10,15.4,25.092686428684154,26.564453512587534,28.297338492511837,1.0334605144190725,0.1099028858665467,26.27086213032327,96.19229387538485,97.24543561318725,99.95989102546233,1.3601577661964748,0.03757303053237665,97.59964374095105,0.26917478234171555,76.98723211882407,78.07120083979268,80.39408108695645,1.16852412682948,0.04130556502711094,78.21233858365181,0.21570559489509353,0.06509033494189176,0.11516733054807143,0.1342377120691457,0.024964354569614152,0.6198746975260828,0.10856337873399498,-23.58499330749243,8.90852449569587,29.217585272935334,17.464211395952088,35.6397700911817,1.34052809397432
72_hours,2,GHI,15,10,9.1,25.786889331930134,26.615352809746256,33.67699524209439,2.937849574286697,0.2682930328975296,28.159807632077207,97.79419292656357,100.49865866664614,116.38164640444589,7.229697897880314,0.17029266571808813,104.18905819008253,0.2873480474492408,78.4205480629499,81.614549318906,94.77036036793669,5.3583071108532,0.18040656828384338,83.48438960414455,0.23024563962827047,-0.26732235271687266,0.05489522691503923,0.10516237732301326,0.14385080965673072,-17.63802908403521,-0.02009419034496627,-61.50986254215035,0.16532691056729343,67.75077764763006,39.016032822257316,15.089094049169129,7.801477492913466
72_hours,2,GHI,20,10,9.2,25.60934503072172,26.375204822805113,31.51982367423514,1.9737332748417462,0.19267134331854807,27.374546962207823,97.10391525037991,101.7623885127265,111.22656427582389,4.483054682492741,0.12181641842847378,103.92669302772713,0.2879100376121905,77.52070619689614,83.03409669991535,90.11644364399413,4.270579375353088,0.13992694615268975,84.00039471810928,0.23270784529127048,-0.15846757885162588,0.030283057138341674,0.11704143932493105,0.08773200802792866,-18.88494444672542,-0.013089371739755029,-50.718586547681014,-10.31926829406695,56.55755623838728,36.26052110315818,-15.51370263488676,-6.378607543325401
72_hours,2,GHI,25,10,8.2,26.648396713806477,29.342426997194025,40.96463677833698,4.095398955256399,0.4009323948000774,30.38635665315753,98.33739855467222,111.35945508794055,141.17570790880774,13.28625382447484,0.33932044119100335,114.58408466178919,0.3174344065381988,78.91346594825468,85.27101846693097,111.79361644671673,12.838789713018576,0.35007299600716935,91.58648244511235,0.2537237242650018,-0.8663229116291518,-0.1619500951914099,0.09446702517720817,0.29602274033991843,-3.5459956996985227,-0.24433989914797277,-81.0582722903895,26.158886770339645,99.65406104473671,61.52370241412541,24.051352668325013,7.05144640662826
72_hours,3,GHI,5,10,14.8,24.36269474793114,25.905286446151383,34.781382649387965,3.0439843998507166,0.3250913971600364,26.613723954063612,93.88481596501035,96.69681187531327,124.53945231930467,9.029891536303213,0.2512430935292142,99.42315954696834,0.2731180019616331,75.30251824134295,76.69799054345478,98.21986667220142,7.042433697028741,0.24396838088263745,79.0827399114475,0.21724234084577176,-0.45425544809358476,0.12328176137215852,0.1735482282665276,0.18615696158989284,7.674735549235677,0.06628535739487637,-32.8700118605827,12.436319412731383,68.51172888979714,28.258099410856477,9.478587181321672,9.421456843203277
72_hours,3,GHI,10,10,14.4,27.284752953992804,28.926220074620478,36.869638985187464,3.401996542049271,0.29215219622174843,30.365606178648896,98.79302537096375,102.77299363714884,128.41933267368492,10.422660538036146,0.2516921228213923,107.93022335114851,0.2976659879594255,78.30365170542251,80.13023833837369,99.22481128123307,7.22667543296487,0.22578772212990814,83.94893803051579,0.2315268402224811,-0.5430461635631092,0.011166978930633287,0.08678997192553883,0.21803328770873837,-5.789911397344359,-0.099091994915044,14.155769997342258,32.810856316242145,80.62319163570123,23.903892284348593,1.5758916354359038,39.8298093061515
72_hours,3,GHI,15,10,9.0,25.037797887765862,27.019588462953863,33.212910136308835,2.6536412265457776,0.2768339775370777,27.723295520721365,92.71303768373724,99.91959569588695,114.76488088072034,6.578373478190097,0.20345678909913814,101.13650712370642,0.27892926908710225,74.8641754197065,80.14355257168467,88.86399112247555,4.3837492796854445,0.16175292479755113,80.63073589683512,0.22237540992146507,-0.2323558244761843,0.06583459713147344,0.19573397510979706,0.12758646275168714,10.118562472216512,0.03930721487619878,-42.055893953896195,12.359433206092376,58.45643851130312,27.837367391922076,7.2218377751209015,12.43728821148822
72_hours,3,GHI,20,10,12.8,25.398204297200422,28.348702932167676,34.66943777389485,3.6189042892052603,0.3081465508955746,29.500402248404477,95.6766486544588,108.29472915082489,122.76391776778931,12.005971045872801,0.24160568274441777,109.37751891697835,0.30301056127046877,76.06872036048068,86.18301231042504,103.03687361428855,9.902035287632003,0.29109899189130606,88.36837879280897,0.2448085522665297,-0.4112641800453636,-0.10509986242371372,0.14280673835769453,0.2462506947485939,-4.087236676816091,-0.13241866971158608,-72.45288180385457,8.588390688650215,68.82597837681878,51.28160229224535,16.797273805210285,8.347598663068087
72_hours,3,GHI,25,10,9.5,27.54560746087264,32.289869619658944,37.09144882335448,2.9092670581238838,0.27477377335622427,31.730245537494085,105.64602320373218,119.05327528975084,136.4384888468103,10.268867331474985,0.24443323028058764,119.33736893100391,0.33060251776026894,84.41968818836321,91.45306057606382,117.09713790239189,10.50860383121742,0.3131491083255592,95.51640088711933,0.26461084992529,-0.7431736027119498,-0.3273895197628428,-0.04513681674960335,0.23178026806207433,-1.927916495228485,-0.3424690816988936,-90.22733369017361,7.223751913868644,70.89192120215192,58.82249533355493,61.45127034315184,2.4719665116151517
72_hours,4,GHI,5,10,14.5,25.3065391388065,26.495149305818856,33.102873747124804,2.286338889680734,0.2463511192379068,27.125055516465018,96.76239098695484,98.35456851411982,120.75233264215015,7.241005854439823,0.1975501082950274,100.77922586260595,0.2768431513568245,75.69556163949856,76.87222208619391,94.70357449867633,5.707709076547367,0.19732908500144483,78.789180585796,0.21643592575250298,-0.3671553128183078,0.09297374486191212,0.12211024905635326,0.14801548145000026,9.329239769214746,0.04328632864597981,0.7658618608566212,17.801803469159694,57.21902409729124,16.248965043465986,2.483642525976236,20.23016900268784
72_hours,4,GHI,10,10,12.8,26.94474087746388,28.391959656474093,35.38198013065917,2.6109829124481405,0.2529469025719891,29.29298438080239,99.25817522172663,101.96438728528045,125.20171824851542,8.161324840979937,0.21542061562468048,105.06495596320833,0.289763728320582,78.38206760227565,79.7127196838581,96.58157788133411,5.708127786797799,0.19122262954072328,82.0211115434642,0.2262099942263828,-0.4666911779593941,0.027217470700401702,0.07817034504296383,0.1703526580391988,-12.272638058887065,-0.03845090056324082,10.917078065899068,25.85879275296527,69.36239899884747,17.930861586844372,1.6335581809761428,31.72407150693641
72_hours,4,GHI,15,10,11.7,25.536087550159802,29.554246599915412,42.50193841043481,6.264981840927196,0.5003440825290246,32.23978090649986,93.24188413310036,104.82483516694282,143.68609675380918,18.40408385997874,0.4190483197628275,113.27617502473029,0.31240984688133994,74.7764124091338,81.59542189637305,114.367718181422,14.727956041244322,0.4163535830770455,89.2491194304642,0.24614446709097057,-0.9317352112759063,-0.028209824083435864,0.1865325441456227,0.41232563575142345,-4.590636686094101,-0.22911406330560427,6.928279709746221,33.48482866096058,102.88161065488917,37.00578874386541,2.0406047540770142,45.751854905830236
72_hours,4,GHI,20,10,5.2,25.890129615550133,33.663519276243754,45.39080238130335,8.093688588238743,0.5465207508064707,35.00296909058544,96.77180664506172,120.06306342490612,148.22781711940706,21.120475324528933,0.4162137571213055,121.43523303006904,0.33641426942936103,77.23879025036268,94.33946841067893,122.88068090194147,18.33205631343115,0.4566574829287538,98.11242098535055,0.27180265236168955,-1.0574356719822098,-0.360457493810209,0.12307078795043436,0.48339092521555804,-2.770220112457096,-0.41847486354623625,-4.632746982944988,51.99206580803282,110.72250966818336,49.39162092067242,2.1568804751183284,52.673728091637905
72_hours,4,GHI,25,10,4.8,26.146047586027983,29.95991397847466,42.97046505212805,5.448846713993445,0.4953837424773049,31.645997441090618,104.4703046187393,119.52975641317991,151.9491380641034,14.557970388278626,0.35130113739162494,122.2461922390991,0.3386608847076082,85.71115904903722,95.4503824755825,119.23122781563274,11.070861864939442,0.31687585541934554,98.3833089782636,0.27255309837277814,-1.1620379914465544,-0.33844664503770383,-0.022003919716378828,0.3489665927518819,-2.459996404708816,-0.41724720132132187,-83.97613807656987,-18.178712913446333,100.99723507070945,66.01746050646855,-52.10105120589403,-3.4332748326498574
72_hours,5,GHI,5,10,16.1,25.141502454781715,25.9076069962463,27.471291678818915,0.742693804222114,0.081574207335267,26.054374273750454,95.24896244425094,98.28474785235872,100.51912629518722,1.5663858930414587,0.04945137298929504,98.12220383330161,0.26954424282164746,75.65632426399058,76.93666713965371,78.39263301799961,0.9464379665278225,0.03509740545347382,76.97570066743208,0.21145424930852394,0.052620012114719006,0.09426933266631266,0.1493570566935628,0.028788066083135114,0.9185090330083642,0.09705566030289878,-5.870888918887475,10.278333715358995,26.1872553664017,10.14027188093255,2.9570717903842874,9.961721914935652
72_hours,5,GHI,10,10,14.8,28.185300246417967,32.61182232132241,36.03077204436542,2.951465807052495,0.23516244950137483,32.39950606306008,99.87680849175733,115.38245939679094,126.5583453532651,10.174620729004097,0.22824002674003457,114.27160541318396,0.31515519253915325,78.54624510961594,88.56648133114086,97.41757115935606,7.255225099442656,0.20972424371629145,88.31464418311523,0.24356723256769192,-0.49864813589155643,-0.2461620720564348,0.06664380569851802,0.21571606274202987,-2.4006904284051105,-0.2305025191768615,27.82086947738281,57.183536144787894,75.68421533173829,17.549527968287965,0.8518167451955412,54.72045589196392
72_hours,5,GHI,15,10,13.0,37.17121106559284,42.36164370830856,45.736716262113184,2.7411291940611227,0.18929513803082154,42.09043664946772,128.27265834823288,144.24681259361768,154.1866110034985,8.460991106771402,0.16885518509611547,143.22436410681055,0.3950054073640584,99.39606449781151,114.13782791951144,124.33012073763365,8.122872481295671,0.2062781535813146,113.47227489084085,0.31295068019542105,-1.2243925260370996,-0.9468506585802645,-0.5395233916935662,0.2250490076931713,-0.6933765722340263,-0.9253683819032938,77.23616506484845,99.24245372804978,115.98110063637479,12.502459608545825,0.3658285238832896,99.32166565859512
72_hours,5,GHI,20,10,1.3,26.919914639917415,29.215280642621643,38.884452873417985,3.8166841662904765,0.3631788336366665,30.26571910316709,98.43510861713176,109.31153714853582,131.33400443902158,10.62131038460162,0.2785416845940544,111.13500006149823,0.3078793437524287,78.12581966960906,85.75558871455428,104.35613848917737,9.038668426923556,0.2831213097603191,88.21601339131573,0.24438645158001004,-0.6151810551484229,-0.11896909332503514,0.09266661877136062,0.22818757013668578,-3.9948439884322346,-0.16606849352689956,-64.51746581411224,27.59327889907524,86.1967039101036,44.2333556582399,6.662686509271157,20.862135175288678
72_hours,5,GHI,25,10,18.4,26.638863610896042,34.66494751721432,42.44302772701187,5.686757585554041,0.450083205175141,33.92318695242724,99.1760707777843,130.21153179743936,149.58800026213908,17.78604537941961,0.38692099373751965,126.62296419461879,0.35078593691144827,80.38559405296414,102.78712964167562,119.10637960272042,13.983228529375726,0.38054267588789153,100.88454258472449,0.27948231203996277,-1.0953682174895878,-0.5878537409708581,0.07895545306339602,0.4085556470018357,-2.152814096554584,-0.5280445183966764,-91.5584714443764,33.831941976334484,97.27269767965524,68.78601713365661,8.78763498295709,20.950817902206275
72_hours,1,GHI_d1,5,10,32.9,25.542723279156615,26.984081236326368,27.960050147168996,0.7482228615913109,0.08442694448560678,26.898278476603178,93.36902496227916,96.55717862305804,99.18467991830859,1.7805262703060076,0.05637784546316465,96.41952794168834,0.264866947917476,74.29671219796765,75.97063038587527,77.48751630637582,0.9972856773137821,0.039768355550424045,75.91973090048609,0.20855347292810794,0.07760702067643732,0.12582807951962166,0.1826041214924209,0.03206462330817719,0.7656934592334265,0.12805304260059605,11.221719170857323,26.160061803523973,34.57231983585898,7.32488524461634,0.878856056548671,25.07373955466305
72_hours,1,GHI_d1,10,10,26.9,27.303102395360117,28.754644300252874,30.18958930444997,0.9674689008665176,0.09487135789375971,28.87372531313331,97.43958712419584,101.28562059658665,105.7994146108677,2.8639771551392625,0.07812024947103188,101.81811695322216,0.2808091138331429,76.8680100159307,78.76574728669162,81.32860621758978,1.5496431214314763,0.0539154954518025,79.12201899749292,0.21821444654670524,-0.047332622041153405,0.040109599904872784,0.11164004855728593,0.05456450383252953,5.161060714365569,0.02931712563394484,21.971714637710317,35.87106113010187,47.81396541515448,8.399715728360855,0.6628384438829106,36.528670413734986
72_hours,1,GHI_d1,15,10,3.8,24.77519371542954,25.803772007857987,27.147751960735118,0.6971689887024872,0.08152284200854261,25.80600598466712,93.12009278607286,95.24237425221256,102.34060106719164,3.1717055381048587,0.09194443819780654,96.2709502986855,0.26551031437429173,75.2546058160969,76.29087342035223,84.95610807421144,3.5371075794537656,0.12048710777250081,77.71709096733755,0.2143397275187692,0.020027185144667392,0.15125218858550815,0.1886562376767058,0.05805948562765518,1.2259293455434095,0.13197414309906658,-43.044324285877025,6.342007381861397,17.44747713219986,21.519080142880068,-36.428013157788456,-1.6024900829656645
72_hours,1,GHI_d1,20,10,23.1,25.4023187817653,26.254388363445184,31.089184288331182,1.9058950499403655,0.19343877951012056,27.18441923636155,94.05402713644547,98.28492444425532,110.14361683175579,5.038333223668258,0.14876507733117095,99.16062537013067,0.27470651233312904,74.76399126024891,77.90225435566435,84.46181605451554,3.1459486046615672,0.11609522587206506,78.58285492382426,0.21769953471679657,-0.13601876801638424,0.09527608732492576,0.17163521035380291,0.09609293167377457,3.6459571146462055,0.07710295628227085,-25.275680556561113,10.837708223179538,53.63363574945855,23.511557464092625,4.382841031212224,16.38007817488998
72_hours,1,GHI_d1,25,10,31.6,24.71556762990147,24.829897092827657,31.778954746056165,2.7827426630073964,0.2636565309234866,26.21895654244664,94.31612909184182,96.06506755525908,147.17535491181582,21.239868128363277,0.4938410058971131,105.70408315911925,0.29283397432827657,76.56938769057825,78.09080182228827,123.39542455984585,18.716645308811206,0.5321979264987101,86.69471797539873,0.2401719787852387,-1.0283225685239845,0.13576536187011623,0.16701194097909067,0.4804119684611223,-13.977103436635652,-0.08430596150156774,-105.75729363070589,-16.773704184014857,-11.152499126660542,37.65931872955268,-2.830648445163543,-33.17877242884809
72_hours,2,GHI_d1,5,10,23.8,25.661055090747386,26.483946896228865,27.341628565977437,0.6222751353204152,0.06197399375178436,26.513367040668033,94.87502291607758,96.74345524119246,98.66052681846556,1.3149538207292586,0.03737804459114075,96.89195356020333,0.2661647133635977,74.79464162562287,75.98519242651841,77.27460370664618,0.9408131156522188,0.03210244576363217,76.0446675616063,0.20889667718164798,0.08733024908591747,0.12245362763232404,0.1560230531969976,0.023900337591823115,0.5496797974277208,0.11961181576587099,10.87390077588214,19.457389752770922,27.60129582999587,5.922356947608098,0.8208595397210623,19.596720226945546
72_hours,2,GHI_d1,10,10,23.4,27.8006022937061,29.594810262968167,31.32110990492573,1.1898608682022649,0.11439004011753319,29.642926621245238,98.80262393136832,104.24587352532299,109.75348235025344,3.7204916391185563,0.10140258652820495,104.44302562790381,0.28804847654075344,77.70298407970753,80.89530650825736,84.22456929782476,2.2340223616612196,0.07826858705451183,80.99821257198326,0.22338889163366482,-0.12707993721485544,-0.01680134739689676,0.08661251147417293,0.07253329691959035,-9.466128571147607,-0.021815985429569706,26.3679623101554,40.45704586478525,52.67478415187893,8.748077705837474,0.6228407687126474,40.32738492856248
72_hours,2,GHI_d1,15,10,0.0,25.62650455489442,25.815421388141957,25.953094527665666,0.0900474068524184,0.011213052629775214,25.809075994017086,94.01641342635199,94.61975392929989,94.89936298734007,0.2548613149384992,0.008267886806937503,94.5732532731802,0.26082815356092365,75.68068700854744,76.06474241622723,76.22790634967231,0.16464440791611304,0.006602640984371491,76.01815341167733,0.20965414538723187,0.15735490717401912,0.16231296144801471,0.17296200756705837,0.004504966632433196,0.08473805507137475,0.163130774460639,4.751677595071988,5.562337545819343,7.284272663261319,0.8344785919220635,0.39878104279540516,5.83317157957305
72_hours,2,GHI_d1,20,10,0.0,25.435592824940013,26.487400846857145,31.4830502769284,1.8654441627381193,0.19791272574361096,27.18454936199737,95.39200500539769,101.0413754057734,112.25718070906028,5.2561585711889744,0.15196504185661605,101.35794932217887,0.28079379947033817,75.92942187472094,80.9737371148012,86.768162974688,3.7185190464171285,0.12740311505543586,80.66455420916226,0.22346650470379537,-0.1800355772578901,0.04395980916033909,0.14789955195874294,0.10162975820890197,8.364610106760649,0.035655273477864416,-23.02479408364138,-0.14785376864148508,48.09522989318431,18.62396431479351,16.554213547835886,3.6540246005198043
72_hours,2,GHI_d1,25,10,12.5,26.270824425986195,31.763997521927102,38.84097040026859,4.363008219712555,0.371623608911139,31.99444723596385,98.51081982556207,146.82907642998475,179.7557305114442,30.196829529180228,0.5534987446547502,141.56860651219026,0.39219012592612545,79.21180053732658,122.91613367789537,154.53093479340885,28.062455796104263,0.6142145497933748,118.22383730011532,0.32751768051209484,-2.025745026217076,-1.0277587054217139,0.09127033392643513,0.7742460659822867,-2.1250820055359187,-0.9535734019297504,-147.77495361932952,-104.92250843147949,-3.1804354415162757,57.458622634035166,-1.6348402918949485,-86.14293819481824
72_hours,3,GHI_d1,5,10,29.8,25.901518743357528,26.552597858663596,27.61366640621057,0.4706117419282224,0.05575665522711264,26.58717381645828,95.91411698072737,97.54035271721386,100.15965470636672,1.1334352640104794,0.03800296626764565,97.68105613377331,0.26833239863147945,75.089514088003,76.3733718611496,78.12057277209423,0.803240277283706,0.033960795115985626,76.41070531393432,0.20990219239574787,0.05938384426860677,0.10793715279359656,0.13743493990764766,0.020845644901126618,0.6480319102496515,0.10525328553316071,13.823882621410561,19.113507917493344,28.189533637046715,4.074913730134368,0.6417451565261902,19.657829204760993
72_hours,3,GHI_d1,10,10,24.7,27.148464612724176,28.65504662754203,30.067816063843445,0.8542642135950306,0.09106907723972989,28.701420905383163,98.65625219207318,102.03541738443124,106.05309006228775,2.2864362394790083,0.06548627415015482,102.40499146092982,0.2824276834489644,77.66171477239841,79.67674411947615,82.27661314921774,1.4355338144717338,0.05235968946235073,79.97665933722188,0.22057150051339375,-0.05236102584588709,0.02581875213227136,0.08931679358847344,0.04386118668301923,7.004230040098562,0.01835341454978583,17.188744516136957,31.02450550089691,42.47601553393501,7.096438004170535,0.7358188989900053,30.408737942341936
72_hours,3,GHI_d1,15,10,0.0,25.78346657900534,25.91958853459292,26.054260384345696,0.095946444102492,0.01002266205915886,25.92930645243191,95.20767186461998,96.04785779854382,96.42304790336914,0.4265697673382163,0.012198629022213246,95.93546381172347,0.2645850599507584,76.4721470012089,77.19378554322542,77.4076539632735,0.36402143077769594,0.011916995865195588,77.06453189330443,0.21254000325764183,0.1300790056008183,0.13683449727026648,0.151870845637181,0.007648565930698859,0.15113600621176923,0.138839327522986,-0.20253267329857533,2.1350657009069125,3.5436502929948754,1.1478356072059241,1.5274835549293904,2.206452803830131
72_hours,3,GHI_d1,20,10,1.2,25.43311604306221,25.638844685110293,29.20442682773956,1.182389877782627,0.1256572594606315,26.134762132575975,95.66694172800176,96.88260984854014,131.49708132481837,11.020274754283703,0.2931529043551663,100.93740485444792,0.2796287573623427,76.46584880556337,77.2482556071334,109.54847135629704,10.234027066919069,0.3357996643565344,81.03553055360463,0.22449422732413452,-0.6191946726137396,0.1210441127546259,0.14298066355210848,0.23477604478537065,17.496905192755445,0.035714910223901074,-83.42672562812321,-3.226253721341605,0.1895144499573803,25.37037411153169,-5.532925257031986,-12.26847665936498
72_hours,3,GHI_d1,25,10,2.6,26.23705403720117,28.667053152498376,33.09545713665871,2.331938688583304,0.2265248989647498,29.05252384682918,102.01813314227259,108.9256159112418,155.06130632605544,19.31233438063623,0.4396017829105894,116.75117524719167,0.32343793762126527,81.20681253116472,86.87625392519507,130.2092518040451,18.1212412361388,0.5034563423474525,94.56449166872025,0.2619737582322102,-1.251509149605262,-0.11104063099538009,0.025410824749115157,0.47008291605249225,-4.011750037621866,-0.3078400387883806,-116.42590532317034,-15.728122977194666,26.781954779447595,46.14345750841519,-4.147277117839446,-32.605882321991686
72_hours,4,GHI_d1,5,10,28.9,25.808979887314642,26.12762701516482,32.78485731615956,2.1190121817543317,0.20706246677386628,26.797672705120146,94.07769112329188,97.42738931420993,150.17329513177012,16.990273949063162,0.4347587628890132,102.12220967497612,0.2805323627757001,74.25472722914581,76.20012331375143,128.09750361418315,16.590513968364302,0.5218490532092463,80.97947540531963,0.22245272251837736,-1.1145220434421703,0.10991510127963638,0.17014904702807898,0.3923528172417763,-460.5580294151416,-0.002198254046338799,-112.57219053003638,15.246598266602117,20.222517750715227,40.515821925930176,41.55453960285477,2.5082191651236343
72_hours,4,GHI_d1,10,10,26.3,26.316078661439835,28.246988539994508,29.1995082958592,0.8702070020671552,0.09141294955117135,28.265645222033925,95.5613818654381,102.24162281528392,104.90706966761395,2.671470102535576,0.07910938222094516,102.11016933958341,0.28161457924795347,76.44900942217593,79.8778581834737,81.67710715551719,1.4938051475056833,0.056528181895061716,79.95064842285832,0.22049976375346358,-0.02974007304453985,0.021921604779513715,0.14555729938681627,0.050149565537841646,6.373461039161757,0.023834280005406317,10.136369950471279,24.553851432208774,32.8084725654083,6.9944179354607,0.848111723331325,24.60890848128546
72_hours,4,GHI_d1,15,10,7.2,25.599987347983706,25.938863571822424,28.587025639819803,0.8648934328496466,0.09464674608633138,26.219784191656025,96.28340089342282,97.17552899196411,101.78304889665432,1.5662559904521327,0.04657702784314606,97.51752970444457,0.2689483160652351,77.49426405777248,78.1578390115022,79.45735390858239,0.6213947247588977,0.023083625637916622,78.22112603760567,0.21572983023975975,0.030675893621819217,0.11644835364583628,0.13259694916042664,0.02907331234133134,0.7642554371349994,0.11001169098799371,-6.403631055033901,-1.274174552107096,29.800695106600383,10.801526134694866,24.81850950067952,1.2434760893319734
72_hours,4,GHI_d1,20,10,12.2,25.29838261396589,34.452177872679684,39.17600623593622,4.757200748295007,0.4081451203305489,33.65171975652732,99.15289666619809,161.25758965888807,181.3023027876997,29.602555519003463,0.5354084718015719,152.9032361370789,0.42359065976925747,78.65948387761415,136.06418834976125,155.9499289733922,27.711574341506612,0.5987480911804528,128.67032823828703,0.35645778734414796,-2.078034476045811,-1.4350537968342143,0.07938583703014002,0.7626020694971924,-1.7030156793951594,-1.2631273095639424,-149.46391682762507,-124.05040495842334,-9.435944432836315,50.88569387520054,-1.294081520888656,-106.84446752760114
72_hours,4,GHI_d1,25,10,17.6,31.065289054621598,35.28442846286384,42.34057791427127,3.7068615397117415,0.29132087739363743,35.24516383216416,143.5557140670877,165.07374694436308,193.75590824705804,16.78825375641188,0.28179542306354877,163.4927040052072,0.4529268582316918,119.95949979865534,139.71180114508402,168.3772343066043,16.11164997755289,0.3196632471172713,138.73857818871653,0.38435004618032315,-2.5154161878283996,-1.5538062486563158,-0.9297800257029678,0.5223342731471854,-0.9470532132406838,-1.5267689153506743,-163.91465624653065,-128.9664544847316,-100.73637075260874,21.38494625592706,-0.4609165291599154,-126.49178603876756
72_hours,5,GHI_d1,5,10,24.6,25.767230253303026,29.394543743640526,38.860285713414555,4.842661676551687,0.39984033119030404,30.72009501894622,94.82108518310513,120.63571850630606,180.30595936440582,35.890101656373666,0.6363950496270186,129.25815601406288,0.35507551227165135,74.32637189546674,98.87000721625589,155.39519300308018,34.10551598930257,0.7289873351037065,106.8391249659855,0.29348985161002117,-2.048224563582798,-0.410870375326211,0.15698240502214333,0.8934047153403957,-3.113277392837629,-0.6752416817152069,-148.00614394035549,-43.94455133302574,29.3380144262636,77.73064141990629,-3.2600563353212557,-52.664495629819235
72_hours,5,GHI_d1,10,10,15.3,34.29605531337308,35.97109345670444,39.7903920512182,1.8509259628996442,0.1386970245773004,36.839979639332164,159.92126330891287,168.2532767518662,184.0171429036064,7.912508608733622,0.1293802761733533,171.63141160778008,0.47335057887246573,135.4283866172337,143.09395772650845,158.86397705217624,7.782155635900535,0.14804661460200458,146.59143870620485,0.40429162540421704,-2.1683610701005054,-1.6488092206834917,-1.392932924707818,0.25615886422643647,-0.40664774118739383,-1.7614780164057589,-152.70258082838816,-133.19801828962534,-122.60003239865043,9.819969723316534,-0.20206276675911392,-137.41034434748457
72_hours,5,GHI_d1,15,10,14.2,35.105515927537084,39.229304606988194,45.12541189348757,3.656133721296692,0.2510104502627778,39.53073742736501,164.28686953498172,181.7965426991114,205.05694019788285,14.826817938031594,0.2208764063818517,182.67508163651877,0.5038084510766876,139.26528893854191,156.54987460606526,179.8757499394082,14.80604605260029,0.25534616494326395,157.48061410703113,0.43432340939492375,-2.9342961408691832,-2.0929879924012704,-1.5253629819345633,0.5111051049286071,-0.6510885340041712,-2.140827180584679,-177.13789331408734,-149.6708844939305,-127.98636536815799,17.90080691697022,-0.3236429587676926,-150.37221060623963
72_hours,5,GHI_d1,20,10,14.1,35.34395868715359,38.5519498176111,46.41906481758919,4.345026390765501,0.265226449027761,40.5006889124371,165.42294433112812,178.62293775776845,209.34471657086806,17.191090085336313,0.22865216263369212,186.1537435980477,0.5157051548504957,139.9827428312568,153.12319234726561,184.08695853831978,17.27604710476229,0.26590730626620795,160.75273354079565,0.4453362674365574,-3.1038440491005694,-1.9877337250569027,-1.5624673019897952,0.6073071654965537,-0.6593108909007802,-2.2698744739185286,-182.0441243995239,-145.35416856359683,-129.36380514394222,20.62288599281679,-0.3302934074838745,-154.43766408042424
72_hours,5,GHI_d1,25,10,15.4,32.125597456783545,37.690201169442176,44.56654951036141,4.714798165822228,0.31571633919250036,38.61722572641426,148.1692495874025,175.12738546899476,202.33976246178986,20.03520781110577,0.29671379564098066,177.855986971536,0.49271772637725053,124.38965035642565,149.69363778112225,177.008083588694,19.648045452968994,0.33629175347418194,152.75915908468107,0.4231915204493538,-2.8337987461387013,-1.871955258711369,-1.0558101319690372,0.6647964102052738,-0.8707058483500371,-1.995957586584587,-173.93909095191458,-141.45772498644797,-106.23685594673299,24.856106336145334,-0.456438315741692,-144.13052416319778
72_hours,1,GHI_d1_d2,5,10,31.2,25.038923372803684,25.96466921096902,26.93365130542316,0.6558438823951792,0.06772332987443289,26.02169931633465,92.6413072959582,94.50188471538831,96.41377422374906,1.3433694932755127,0.03778926368945967,94.48133405888663,0.2595426789735285,74.05656281695002,74.66741914052503,75.97148072651397,0.6317396793067961,0.023475303332873045,74.91070598271213,0.20578165526783992,0.12842459836423148,0.1626466517523169,0.19529602562664583,0.023800831385314226,0.3885499401044524,0.162860487580898,3.1408880707406457,16.257418695469664,26.126674197261224,7.707856773612644,1.3433013009316606,15.883350354328627
72_hours,1,GHI_d1_d2,10,10,29.5,27.46437891330063,29.099577203274745,30.43571595391979,1.0687774945481523,0.10020882110646259,29.06167379419292,97.39250576500223,102.31570956296727,106.4746606004972,3.293735955393146,0.08755253225722821,102.25693827216462,0.2820193603923081,76.72472309777999,79.34387450825315,81.86411647866977,1.866511729524768,0.0637870117716306,79.40894874465216,0.21900578398686998,-0.06074411335290297,0.02038017207766185,0.11249832578413799,0.06290535812281199,8.247284870811828,0.020715211100156374,25.987531273604404,38.675799934368776,48.987538467092335,8.315061286760441,0.5896121687791688,38.28613420890851
72_hours,1,GHI_d1_d2,15,10,0.0,25.306077205104728,25.500949253897094,25.690601227027148,0.10778112741023164,0.013347450964484683,25.484665023021712,93.40447914489366,93.93544528318662,94.09331952801084,0.21205919437737134,0.006647727740202319,93.86609586311423,0.2588778499057067,75.42240252193645,75.67867388409377,75.81366881416608,0.14542357732007752,0.004947901039783365,75.64821624007709,0.20863387775275263,0.17160840812677125,0.17438583624342824,0.183693024670334,0.0037205754361263506,0.06234890648161384,0.1756007157823646,1.897531097171911,3.5009057833815955,5.882653167180498,1.212310836845292,1.0462860201861344,3.4460412268894216
72_hours,1,GHI_d1_d2,20,10,12.7,24.860148512317735,27.174071417251426,37.3824882414968,3.9520403822246135,0.388793905977483,28.754528309831045,94.52286190123166,100.75734397627816,132.6330613241272,12.223642470376085,0.3287854183107662,105.47180340024684,0.2921904854211902,76.16365931081893,79.69629419204323,103.69685416493388,8.75822619905591,0.29297447541648786,83.50376139048889,0.2313320128090755,-0.6472913839970178,0.04894253100765544,0.16335626313083162,0.25764049824855206,-13.466748113102788,-0.054285070931701276,-48.063175711794834,19.13303067896188,81.94272700136084,37.46073710326148,5.639339589494008,20.57064349605162
72_hours,1,GHI_d1_d2,25,10,29.4,24.68630495785943,25.04167246629483,33.17066228874903,3.3743246233001103,0.3037226185671034,27.040985317741377,94.16672995613406,95.92536898036231,154.92035139862213,25.46705507786543,0.5339765675240677,111.25499090930234,0.30821175661478345,76.5048829946044,78.23032914849499,130.32711422809322,22.471376245518314,0.5751659969855489,91.61307953212506,0.2537974066665014,-1.2474176444928502,0.13834003479345125,0.16964879923694576,0.5854329085017382,-6.4608461170125215,-0.21371944787708524,-116.41236843530736,-15.909075337895526,-9.062506577709751,45.093575706712514,-2.515763734825095,-41.7984977032027
72_hours,2,GHI_d1_d2,5,10,28.3,25.8174083185572,26.900017274156017,27.927499550819995,0.7739375968115768,0.07569943277414636,26.87417511715982,94.8165232364893,97.8852948158299,100.84256490901006,2.0300309651796367,0.05752426108981743,97.74822914209571,0.2685169246302745,74.83290455377829,76.72862473525015,78.5361532188158,1.2532051126004837,0.045341653931342304,76.58884649764761,0.21039155085492922,0.046513467792494545,0.10161635375263761,0.15706352007675783,0.037193376604374856,0.9934498814460689,0.1037830705741288,13.123915175685523,23.03003499799795,32.093460579085,7.158934749636248,0.8071826475999525,23.053319314503476
72_hours,2,GHI_d1_d2,10,10,26.3,26.800759743337228,29.016878594108864,29.569816749913315,0.9509793215829238,0.09061144107613409,28.66104409741785,97.13813750431913,102.67721725922232,104.1275086102833,2.517674912367061,0.06588436171762226,101.68222429155624,0.28043432888287356,76.91606746131204,79.89095365293187,80.73965449705999,1.3994887047334472,0.04649632876250559,79.36538990932743,0.2188856509662135,-0.014493003889713973,0.013523787347086258,0.11712819842787159,0.047467646690951555,3.936658632880896,0.032061558255387576,14.725246406291706,34.70821868004616,39.58795118737259,8.294749511785078,0.7178742307085149,31.905887860803993
72_hours,2,GHI_d1_d2,15,10,2.9,25.832554520253094,25.993858431544915,28.88268395420618,0.9239721011255233,0.09169151343125742,26.26267948507823,95.48055947115346,95.90507459855183,102.68144549426755,2.177110678777889,0.05912243916823924,96.51889788517522,0.26619414102639166,76.58279706760223,76.90004859541133,80.08893546809243,1.0291894338581353,0.03659655214475731,77.21070390236902,0.21294313811773255,0.013488734294718197,0.13940005638972003,0.14700200225860816,0.04042189148476115,0.8263249861699496,0.12794950764565555,1.6996176355408639,3.9091175966747986,30.021467231875732,8.503217173629816,3.7190819997418165,6.119034412969596
72_hours,2,GHI_d1_d2,20,10,0.0,25.120458879354025,25.331722045384794,25.74038011164732,0.18260983485505916,0.02257686957102814,25.36565693700541,94.74830540018029,95.10300775378509,97.42204932889157,0.8999133852761915,0.025900560445293482,95.54374281806841,0.2646865957817067,75.91756914835848,76.32050697603509,77.80193710682609,0.5598372710788537,0.021520756448777156,76.44604371173821,0.21177988714100288,0.11124642371595161,0.15305473407704373,0.15936059862123086,0.016174421816288462,0.3066481168117944,0.14511831248072943,-6.164633792821541,-3.2647648146128088,-0.8723089052694739,1.9227742763223366,-1.5044493437666948,-3.3401031933247856
72_hours,2,GHI_d1_d2,25,10,7.0,25.359901273680624,31.467917434687827,34.70270339198408,3.6380484239416564,0.30059300782937953,30.12548953567641,97.40848113129235,130.12623925452655,162.97212158258995,28.211709173050206,0.49818431360755167,128.53924055816583,0.3560946327222251,79.25678551466476,106.50830639823565,137.51708159237216,25.515776371058596,0.5368653373104569,106.36953381591823,0.29467748457618703,-1.4871013194348381,-0.6136116277352318,0.1114939640724828,0.6799646558519901,-2.53670857488886,-0.6142470895538358,-126.62491875747268,-61.74160373022555,13.146360167516079,56.660097107326116,-2.101566269063937,-63.011707938951325
72_hours,3,GHI_d1_d2,5,10,21.0,26.43551886952691,34.74896412165872,45.12132854819644,8.307776217931451,0.524426762483566,35.0800589018991,95.98665789700529,146.08953221300595,204.37312455364233,50.963114559507495,0.7262071018181044,148.06730676587603,0.406744737986647,75.49110490578816,121.80971507380372,180.06963158549402,49.570974161303546,0.8317754093494575,124.63262589603453,0.34236906088139485,-2.9162856907429657,-1.161063301139555,0.13612971136674823,1.4198778164270425,-2.3728119379480686,-1.2748010230638829,-177.5909481810713,-68.70981848090607,37.22521192026045,101.7735703794869,-2.9676325754269173,-71.0657416603109
72_hours,3,GHI_d1_d2,10,10,18.5,26.271011565445935,33.12331122800926,39.740955967797746,4.626723913253448,0.39497483742563,32.33383110532174,95.59668694932449,153.02938598110342,183.76460932057282,34.71861430549646,0.6135804138467945,138.92200870298004,0.3831397331157326,76.35746639584447,129.54906169913698,158.57488535807732,33.133628118600356,0.6903151511902812,115.74026320295964,0.31920567495634955,-2.1596709171595547,-1.1922337965917569,0.1449258362776098,0.8850536560421944,-2.451986204355397,-0.907265273322065,-152.0800748650509,-113.81692583963095,25.950420197977383,77.34889653499486,-2.5163460191228224,-69.65527753349754
72_hours,3,GHI_d1_d2,15,10,15.6,33.94162580051989,37.58019331306053,41.73479835132565,2.443429927058325,0.19715934946747707,37.572891345836794,158.30516167801792,175.11605486801278,191.96432960749397,10.598715866970977,0.18386746682152444,174.72920840094906,0.4818941426149044,133.80991660243473,149.86565828697573,166.7117561130676,10.322016959607673,0.20938244477959883,149.6037172762296,0.41259933429904805,-2.4479358309183525,-1.8701375973299519,-1.3448132137527251,0.3455695974185893,-0.5628895280853874,-1.8660574272491754,-162.02090179510654,-141.6838548597416,-120.17296897327155,13.115782871995838,-0.28278799513521274,-140.97475750580335
72_hours,3,GHI_d1_d2,20,10,14.6,30.824573105521296,35.728824338052476,41.00234310862271,3.35447003195282,0.27571793660513916,35.67191069078748,140.70142630425758,167.17100866585304,188.56486732124108,15.564079331885317,0.2772847981128102,165.4875457202934,0.45845320508723547,117.78421902746466,141.6618406153584,163.1328191585001,14.794085722287688,0.31005340784318836,140.59803344959295,0.38950132944067184,-2.3295719112466458,-1.6169246182241173,-0.8538041039586266,0.4832156493691107,-0.8965536429942076,-1.5848844166394265,-157.7762879648498,-131.52988962392962,-95.98423961478598,20.0205009271042,-0.45812396625665175,-128.9205586721583
72_hours,3,GHI_d1_d2,25,10,15.0,31.847900909535852,38.46555957645825,42.687904006018705,3.946166515443838,0.27921677264416145,37.862064062385684,146.75994367581478,178.0886651715764,194.79394268441283,17.17870012927783,0.2666933622706396,174.76795064566883,0.4841628822960383,123.0788426785114,152.7519531779023,169.52104029460855,16.734867178541,0.3015587192787396,149.69804313396128,0.414711254380733,-2.5531843061293102,-1.9698845603504715,-1.0168886044852576,0.5534588701805659,-0.7934450196789331,-1.8850314567883035,-164.93182431315122,-145.03475921141205,-104.3198862479043,21.593729730704165,-0.4180010811835924,-140.34002386226547
72_hours,4,GHI_d1_d2,5,10,10.6,30.213762280920896,32.3184065579929,48.268899134666135,7.476877912883737,0.47474615211923404,37.07734640778809,136.31748182291517,149.10824818076378,216.96440100794368,33.24693781648814,0.4646176620299799,168.98330697641887,0.46420153389378094,114.41193008523086,125.79776350518858,192.25939400586006,32.142331338783094,0.5215020542575697,145.39578156751116,0.39940598886931633,-3.4137096457583898,-1.0846921246401142,-0.7423279603117616,1.0984386187612947,-1.4692097312196222,-1.7706836514787052,-190.77851919146974,-107.31566450325573,-88.73673806255563,41.882787890284675,-0.7547028141742532,-131.46327493868912
72_hours,4,GHI_d1_d2,10,10,15.5,36.96310579152507,39.02658549464006,40.21935685221244,1.2843007395355437,0.08308659161888551,38.84593499457533,172.48088341907345,180.8693392758123,185.78787246936602,5.245625073543343,0.07317043474917202,180.17343849503345,0.4969090483504518,147.2217775125813,155.66411005458724,160.54163417199692,5.251121227700289,0.08520122199685727,154.92611488370054,0.4272782323217662,-2.2296304009354877,-2.0608966081558577,-1.7835564768409014,0.17601849762460162,-0.21673547725946696,-2.0397006960394206,-154.45979632464474,-148.50676169335304,-138.20770183945535,6.400679514197338,-0.1090949489483777,-147.5935974240921
72_hours,4,GHI_d1_d2,15,10,14.8,35.9933403441111,40.34908496760566,46.107293354757466,2.837892432631494,0.21858995023484845,40.91114898265222,168.4706917704336,186.2959752711592,208.67181948895725,11.275254191097604,0.18878802768105815,188.37312811664412,0.5195233693107297,143.14271025113226,161.03661941663458,183.58086827229363,11.336593241069693,0.21918630812416043,163.15030784985498,0.4499601322421863,-3.0742315469967743,-2.2473201704557435,-1.6556254366859608,0.39936015690980736,-0.5387801362372548,-2.3308426290298496,-181.2874239260158,-154.96435773012638,-132.99790831674719,13.527022338087473,-0.2714732638528406,-157.3285807612428
72_hours,4,GHI_d1_d2,20,10,13.7,34.53851386899486,40.42180154531833,43.49685123027331,3.269332540931947,0.22479839834082152,39.419572319566136,161.3722344379945,186.1460733335154,198.2193179403194,13.431785864444667,0.20053343302685386,181.79793361701337,0.5036381739918193,136.20219677855624,160.75221256252746,172.86960984349187,13.400625623514575,0.2320015343512599,156.45071527293123,0.43341830675461096,-2.679245727520623,-2.244792636560523,-1.4385095702102544,0.44994910587258513,-0.5813886997416574,-2.110091150509733,-169.13960022722773,-154.86587013390061,-123.91204680744615,16.558646935069934,-0.30017206212710734,-149.28458102471868
72_hours,4,GHI_d1_d2,25,10,16.3,33.608785147290135,35.80576499995129,44.53230068744032,3.5434486838047947,0.2650524635492594,37.02719142379512,156.46428288021977,167.28230001342655,202.22035802971044,14.852508006935787,0.24080167824375856,171.7117285867218,0.47569617386620394,131.78402467120532,141.83192382817697,176.88307742922171,14.670517852838545,0.2777990693380068,146.4911526168486,0.4058271463378286,-2.8292752902801146,-1.6209097131401142,-1.2924362501922135,0.49349354348762176,-0.7750146790289557,-1.7795935099292854,-173.80156792761062,-131.5411441071579,-117.50240436286282,18.370607273398086,-0.37328544042190165,-136.74800841332228
72_hours,5,GHI_d1_d2,5,10,10.8,31.210655777528913,37.782193392106144,47.40345506633007,4.968871302550408,0.3930741577583406,38.28666433647179,142.67659622445683,176.05913570220585,213.7848675126876,21.681667264474015,0.3747223838307401,176.72116945722968,0.4854576431327412,120.06637044909587,151.01038776059997,189.02620631731153,21.075888641395938,0.42184663358753777,152.16197585617834,0.4179929003437196,-3.2852949433836507,-1.9063247425973313,-0.9086762804528075,0.7218476912667094,-1.1206735103294267,-1.9678909798464173,-187.22747107809454,-142.60855845789018,-98.47767201404852,27.034875371128802,-0.5796837888547962,-142.64458780151793
72_hours,5,GHI_d1_d2,10,10,14.6,34.18369830478727,41.02051014342314,44.80218906674231,3.8870301805124625,0.25372952474625304,40.236237189385676,159.67316479292452,188.83469704044796,203.77199446197915,15.929480012217454,0.22781842212132947,185.39998248490002,0.5113235870408367,134.91868417861673,163.65139822704987,178.6004861608385,15.864733784490307,0.2615191133435515,160.24420791307278,0.44194525854015854,-2.8851437650964,-2.341468287744244,-1.3855139913977195,0.5449819271054133,-0.6429124981972328,-2.2375267590587944,-175.60867200276869,-158.0406931734572,-121.66660366141896,19.393838864832052,-0.3360066986831548,-153.55666725783496
72_hours,5,GHI_d1_d2,15,10,13.5,36.96565711346761,41.80265340528694,52.192612695476214,5.4067601707035795,0.34847843554079394,42.51293672821305,172.5376385466354,191.9852065711379,230.00077457807936,20.485483901161466,0.2884125058267305,194.15167585894525,0.5354603058728508,147.22655476207999,166.79803159271296,205.73204002251248,20.81605629440994,0.33695179023365995,169.09256549817354,0.46634857227942617,-3.949675171237234,-2.448813097142085,-1.7853886462009139,0.771033249851085,-0.8223249920196896,-2.562297721164426,-205.45192785770837,-161.77008563627697,-138.15213676592086,23.991398803089073,-0.4001253716225034,-163.9140838015955
72_hours,5,GHI_d1_d2,20,10,15.5,31.0289770780657,34.36698695458921,42.697461083225654,4.305534547506887,0.3189907727116537,35.68778262366277,141.69170296296392,160.09209834000643,195.0470659491466,19.446856985854136,0.31441620120884706,164.71767787508895,0.4563204259733067,118.5998750831791,135.19224597604847,169.7218943769125,18.6842242213809,0.3546566632450995,140.1164989994135,0.38816732565758466,-2.562424613645039,-1.404281932205536,-0.879990607095495,0.6169520096164741,-1.0417839244601244,-1.5725360797814318,-165.4451078757539,-122.17161051509422,-96.94969828743223,24.804200376775132,-0.5201505122713475,-127.4516953187272
72_hours,5,GHI_d1_d2,25,10,18.8,34.100556830773535,35.906819665408435,39.808092432494,1.5411705010396626,0.13712040969780567,36.19624940900654,159.21299361334226,167.81896536108928,183.72987891241428,6.535162441673829,0.12622758653390004,168.8073444014423,0.4676501047028084,134.19819401152245,142.31053934973096,158.29936534265352,6.461803125353534,0.14618578915638325,143.3948534235343,0.39724941148228105,-2.1610139831906237,-1.6372800705492572,-1.3736892116245079,0.21045258728829974,-0.4085194760432249,-1.6719906275497067,-151.91487875610352,-132.22729201765154,-121.12570570527998,8.193125419286538,-0.20077952140660207,-133.40481823495773
72_hours,1,GHI_d1_d2_d3,5,10,29.7,25.479219949440544,27.299842930603507,28.385431152918333,0.9911714466467092,0.10107752012022198,27.11958785218066,93.50085552361963,97.62737172317941,101.36761456970856,2.7724169686955564,0.07692019353902003,97.49563808635259,0.2678230504386647,74.32361241757062,76.53740247858954,78.7818781525903,1.5838671461134504,0.05581471659180526,76.4925687518161,0.21012707338615147,0.036558721563542895,0.10634197906066539,0.18029427985555113,0.05070426568929853,1.2680286036196642,0.10810625866057344,9.918627889002344,29.024038148356773,37.51874748157233,9.30325956257373,0.9698551387178896,26.64580288946899
72_hours,1,GHI_d1_d2_d3,10,10,31.3,27.358809739069045,29.047111119759684,29.96991540509643,0.9622302847493357,0.08705018539887786,28.66089486847639,97.39786871862849,102.36421099983579,105.13068045437028,2.900372963280074,0.07308390299470385,101.19839924976415,0.2790999643777989,76.79776010580031,79.47491057809664,81.09139062694145,1.5824542646393567,0.05177352839165563,78.86519478000365,0.21750613860424756,-0.03413456029439321,0.019564314255126447,0.11240058189039515,0.05476877565573536,3.408627076190315,0.04107127221556691,23.412011360928698,37.24803120475574,44.85261416756577,8.059202881672942,0.6018737820220219,34.41776491610919
72_hours,1,GHI_d1_d2_d3,15,10,7.7,25.629863387595154,25.959035026860207,29.356098475112812,1.5367421417699019,0.13772178437042518,26.780598731192434,93.9284224137659,94.82559052615528,103.42257617095784,3.8272208873978633,0.09639951881746464,96.83761443808046,0.26707314483694533,75.69204912667496,76.0577026684839,80.09650896423302,1.7823699176070387,0.05622324821843006,77.05550057607871,0.21251509535065255,-0.0008034746763494471,0.15866432549160875,0.1745093513494499,0.07061992321614688,1.420118737592653,0.12134908550002824,4.639760581424544,7.250886748319996,38.70625852151269,13.850220927487861,2.2569156326317112,14.825156799904613
72_hours,1,GHI_d1_d2_d3,20,10,0.0,25.004739860895498,25.257469778135885,33.24430974618531,2.8428500597566937,0.27793808756765837,26.814017700322985,93.07960318714281,94.08191960611293,118.87354932001507,8.733501082261936,0.23241082308757827,99.61303322867242,0.27595982618132453,75.01688892539963,75.40299261288104,91.55477213836858,5.8516638940946795,0.18927792798442586,79.32226911000592,0.21974794749654078,-0.3232359746001694,0.17114030932665647,0.18871044308327078,0.17084069989001463,7.085309404602241,0.06439331340483433,-39.60846462209654,0.8740146520879734,61.851261318828136,27.45540098564721,10.015260247828788,8.745208259661728
72_hours,1,GHI_d1_d2_d3,25,10,15.3,24.859130929901223,30.565018531842945,37.93151175648604,5.173675703448262,0.41112622490349454,30.733106531481802,95.55419050901233,128.8403191511611,176.09377072709142,36.151721468610575,0.5965220625217403,131.7171786965859,0.3648985334555778,77.61633549522257,107.65818812737737,150.73172539286665,32.57169012317833,0.6494007932905665,109.88219908989706,0.3044086860768491,-1.903720600784657,-0.6281917166836154,0.14499960614652974,0.8984934510002612,-2.707787469521248,-0.7347652054680492,-142.80010526404024,-69.66183553615008,12.72009542957127,65.25935271509849,-2.1744424353574576,-68.8375313347627
72_hours,2,GHI_d1_d2_d3,5,10,13.6,31.41154291654872,35.289335783996464,44.2155465297144,4.3633907318620855,0.33753362025504574,36.31861580993341,143.40191380729345,164.48708484839386,201.2195220199056,19.537537083343086,0.33119862375434717,167.4468060660051,0.459980725979643,121.31272476002137,140.29580526466742,176.7209594101249,18.758111132782282,0.3695084256284505,143.76285308284739,0.39492029190384287,-2.796356797754652,-1.5368363763899202,-0.9281316837214111,0.6331789866285501,-1.076814001520277,-1.6611504926345244,-173.7833908664089,-129.54243758926992,-101.63039528610089,24.269226069113518,-0.5223205374478398,-132.64734576443465
72_hours,2,GHI_d1_d2_d3,10,10,33.3,26.52770621899561,28.20673567263855,28.54238247059228,0.643449892396684,0.0655625731396407,27.957383363675167,97.25789676612075,100.9889076387367,101.88993026117264,1.597244947576022,0.043320176743379894,100.34966060889585,0.27675918699210356,77.03713979191166,78.86695913234828,79.43148606514671,0.8304842732721744,0.02895893789204692,78.58185760185467,0.21672470928407508,0.02863906960552154,0.045720151263583864,0.11494991386941011,0.02980476888046025,1.407871163837192,0.05757037472172766,10.47936850374604,27.599663302855834,30.696936410195516,6.261536201489172,0.722016852061647,25.078558815359965
72_hours,2,GHI_d1_d2_d3,15,10,11.2,25.79406888035118,30.865504283043656,38.41048330163152,5.406063318205957,0.4025019089769628,31.18448734533296,96.06643960257205,128.8613237509869,178.7130358475233,38.04821983401826,0.6205918548499575,132.74933631257394,0.3661158211067472,77.5470690665648,105.96107189380082,153.34941569851745,35.058098428139274,0.6827992780803722,110.66704598205301,0.30521400358473766,-1.9883438410069054,-0.6289166078551022,0.13650168976098032,0.9573275425976394,-2.7466383259669165,-0.7707635228829564,-145.90334037452678,-60.596414421466804,22.456128495038513,72.77008344843709,-2.5106184621949703,-64.87875728090948
72_hours,2,GHI_d1_d2_d3,20,10,15.0,34.40553296937934,36.80580848690284,41.62094075091977,3.015703236905785,0.19084760579581742,37.533564908453656,161.41468637391543,171.50101386097975,190.8662903915684,12.332021538978765,0.16790547744433473,174.34510404595156,0.4829914625492721,136.16071043282523,146.16687481533103,165.46988300581157,12.31477970692408,0.1955897638922327,149.00501857556534,0.41279135564383473,-2.411342343332265,-1.7567483125216288,-1.4397927286014873,0.4066259231573878,-0.5195570632052536,-1.8591539668769674,-160.71260709491648,-137.39887985829716,-124.792340430445,15.084815789718743,-0.2535834561058482,-140.61865758756772
72_hours,2,GHI_d1_d2_d3,25,10,15.6,33.299901550235674,37.24056717935645,41.661005436283126,2.7998084344859957,0.2133158771990031,37.13772331799784,155.25237183715168,173.12576736159448,191.0301537072176,11.801502607635015,0.19566883315363176,172.42922606412208,0.4776838703827271,130.56564262736222,147.84279320607686,165.70452074580382,11.68230526805213,0.2256691056373378,147.1954864958072,0.40777837549440726,-2.417202297134552,-1.806713795041986,-1.2570611572932524,0.38147004991201194,-0.6087720485448864,-1.795861873993891,-160.85036711648542,-139.2357440691589,-116.07694169720332,14.753910747640312,-0.3056159729149101,-138.05686457547466
72_hours,3,GHI_d1_d2_d3,5,10,11.5,29.696653977269683,43.09196238437291,56.825714429543254,7.949598155646128,0.5658849012540323,43.694063127287635,132.84629014858265,197.4474568947973,244.82215705906697,32.46365045906842,0.5127519202490312,197.32499874900338,0.5420568974168442,111.516692235172,172.44347525473034,222.03193529131417,32.11985575464856,0.5787096131434536,173.0953370232255,0.47549738724935137,-4.6198954544663655,-2.6555576963797516,-0.6547243514116372,1.1571899057415787,-1.3152587707673347,-2.739758203022885,-222.03193529131417,-168.22707495356866,-84.07302322444153,39.69623377556393,-0.7428222138094961,-166.812617961762
72_hours,3,GHI_d1_d2_d3,10,10,15.3,35.19587197832891,38.76146689356609,40.715004796570284,1.7205350452813724,0.13211769425119438,38.66527894385395,164.76071121398905,179.8138827801519,187.67996354512144,7.129154081028786,0.11793662064403744,179.36475492419595,0.4946787407814889,139.60807358108136,154.60287127761734,162.4927299648173,7.120665062831717,0.13716346145683236,154.1436442814601,0.425120218767886,-2.295747432063836,-2.0252763150868285,-1.5399514625328483,0.23553592855430502,-0.34694733164790853,-2.014458907452981,-156.75987962978382,-147.25080863872458,-128.24617268258626,8.838210194273728,-0.179243994119573,-146.58069778893898
72_hours,3,GHI_d1_d2_d3,15,10,13.3,35.125733295322384,38.768282813659766,42.53672072951003,2.2469145883720056,0.1783460457875115,38.582832778181206,164.52381631082682,179.8183187237604,194.95066453121964,9.186038017293882,0.15760207640614374,179.01877196784898,0.4937245376368974,139.29444822104836,154.59947727241178,169.75533708428603,9.207192952367668,0.18370742637686158,153.7607734240858,0.4240642806952814,-2.556047401103625,-2.0255632909406245,-1.5326527687543448,0.3082382498956873,-0.47241918234743613,-2.0056831661674854,-165.34748125374315,-147.16676378773474,-127.72854958975321,11.304923311589027,-0.23824214697633558,-145.99538510793667
72_hours,3,GHI_d1_d2_d3,20,10,14.4,37.022839714193736,41.754028170288734,48.75448641648112,4.1231051181885645,0.2691950853746346,42.254647005725204,172.23730760243993,191.32159586211603,217.56096731117916,15.958902783773498,0.22766545890049195,192.97163334345262,0.5345928807642952,146.859868907264,165.99274090049846,192.62921702256213,16.09799256505795,0.2645653470812832,167.68590898895218,0.46454337146245084,-3.432296465207364,-2.427705470372675,-1.7779299839910063,0.5826242823208629,-0.6396857565945971,-2.5084789890221724,-191.46000154203324,-161.0288602868887,-137.84367561034568,18.873710694414147,-0.3193137638048264,-162.70929087880452
72_hours,3,GHI_d1_d2_d3,25,10,16.3,31.572872102666196,34.45117800306677,45.57375403653482,5.469995528352259,0.3573429158067231,37.24199384811074,145.32367181001754,161.00067436245786,206.1352905557615,23.498754820888475,0.3372029899306447,171.38679439353135,0.47479600266805005,121.8012088439772,135.83747104736665,180.8593985700537,22.94455108536408,0.3829287175938208,146.60957370064915,0.40615521045396463,-2.9789780091958864,-1.4272999998679174,-0.9776050580013163,0.7739298670890743,-1.0572259980320442,-1.7970997825962811,-178.35987021992108,-123.46776147932158,-102.50983173402955,29.235850051976907,-0.5313670600540112,-135.7060228289284
72_hours,4,GHI_d1_d2_d3,5,10,11.2,30.796558229794872,34.169358787870806,41.66231267398064,3.399275018146907,0.28409090886503846,34.64281420453744,140.1783604893648,159.51388642941794,191.73198644155565,16.379889541193844,0.2932451077211398,160.4335923163731,0.4407152456292175,117.83455141849205,135.11285709383725,166.74633567702244,15.420065566361185,0.326278634109908,136.43345176523422,0.37478623609066186,-2.4467988554006093,-1.3858500439567232,-0.8424204645586599,0.5058148564689663,-1.014897444936389,-1.4359746673290885,-161.5407296831368,-121.54697023339446,-94.8605579277207,21.252679866600953,-0.4993123097414552,-122.1505115312978
72_hours,4,GHI_d1_d2_d3,10,10,14.7,35.55348444464863,39.94383776584533,43.24207940032762,2.3589041286743457,0.17800870376542133,39.90408231078676,166.50053598307537,184.63972660593276,197.66910630955616,9.534219246291459,0.15588299233018046,184.34440976374316,0.508412371932128,141.2401518872571,159.38780770329723,172.49463084677566,9.55734225443922,0.18107605907277288,159.12109254140748,0.43884776428582456,-2.655911710447353,-2.1903298727789577,-1.593876970353723,0.32731407918250266,-0.4497011342474136,-2.1872954366782382,-168.48356047620777,-152.96055961218872,-130.5208853621925,11.561942240051708,-0.22884534718724256,-152.50985879076308
72_hours,4,GHI_d1_d2_d3,15,10,14.0,33.5470769494243,40.26333757303258,45.990041291745484,4.894427668077616,0.3001220620776841,40.49433019147281,156.13287179094488,185.89928901419577,208.2376215797994,20.090901552222647,0.2718132222821846,186.1450951273329,0.5133785692688381,131.79352117298254,160.6661412363059,183.13616734914447,19.95831221634052,0.3102995776485115,161.06619660879622,0.4442122609571548,-3.057294115202674,-2.2341152376885085,-1.2809028994438747,0.6923916141211828,-0.76007591436475,-2.276052499970077,-180.7759714809651,-154.4920426910674,-117.02448374047538,24.427516713800166,-0.40064308393194775,-154.2381601624624
72_hours,4,GHI_d1_d2_d3,20,10,15.2,31.66435256173259,34.49416532988308,45.08085469241678,4.268391018052909,0.3424941386257813,36.249921341229026,145.34568123631666,161.1672530297431,204.25383076119806,18.391403413328685,0.3247441604171257,167.69892400673257,0.46457942720664436,121.92069560658845,136.00859668214426,178.96619898206026,17.947697203402385,0.36958632248032514,142.8097275896039,0.39562842657506564,-2.9066747920969647,-1.432318521996728,-0.9782041241858803,0.6043273885284509,-1.0705265346540467,-1.6619702190501482,-176.18175702898134,-123.67490245020947,-102.23690216447702,22.983263760465853,-0.520136844906615,-131.43632500079866
72_hours,4,GHI_d1_d2_d3,25,10,15.9,34.02468099843672,35.82719828468659,41.02492824301869,2.5552676863938935,0.185982554386271,36.628856910937735,158.76142235706996,167.4263551516907,188.46742407915306,10.70558768227924,0.1693610741037304,170.36357839479683,0.4719613684841023,133.8099897421188,141.9458731427964,163.1116991829746,10.624718028606473,0.19642106513995766,145.03858572862174,0.401803073452992,-2.3261316049362004,-1.6251924969007279,-1.360243453086897,0.34891587332057505,-0.5431765738003982,-1.7274768098804691,-157.61646520253316,-131.71622886097907,-120.51834385134428,13.345538595072295,-0.2663802828612988,-135.23267682468952
72_hours,5,GHI_d1_d2_d3,5,10,16.8,31.428970759779613,33.18918572323514,34.650884826047694,1.0298132891023608,0.08918809606711257,33.247119185916674,144.0009365414941,154.06925706374182,162.1667268856041,5.792293013489292,0.10825078390583616,154.33199616352417,0.42395400249797677,121.2349815402617,130.26352981183325,137.46667101208865,5.169319009192896,0.11429056667351516,130.49359322182244,0.3584692903739551,-1.4657571365290227,-1.225981174435205,-0.9442738260605956,0.16714460479856919,-0.3891023390521156,-1.2360884017222822,-125.0288014723224,-114.31984392544246,-100.34941206065656,7.831833767635392,-0.19758661338332018,-114.57594902821411
72_hours,5,GHI_d1_d2_d3,10,10,16.5,37.447373363824894,40.535790050647776,42.956809510360316,1.9570981902467606,0.13237524187431937,40.36684896905926,174.46029104941442,187.0231732133866,196.53467561409062,7.843465341728784,0.11496834017765993,186.23860130710665,0.5136364544887372,149.18728411963784,161.78015052318975,171.36357539660776,7.8782161073993775,0.1335829548948966,161.01696295548294,0.4440764770812457,-2.614069284402843,-2.2727474690848295,-1.8478118109214137,0.27216251782328355,-0.33022859876172245,-2.250500393922813,-167.14645916564197,-155.85272129703904,-140.52743108561208,9.457795137143423,-0.16675345254023582,-154.8289738423362
72_hours,5,GHI_d1_d2_d3,15,10,14.9,32.9569316818457,39.918238434977624,48.291047461233546,4.703822816834152,0.36080777614217957,39.76704246018674,152.8464674995417,184.5664576661024,216.54003864506095,19.395332256303842,0.3253348529135316,183.12333861456622,0.5050447206968853,128.8544659225722,159.30172303330892,191.6848142706558,19.210170382005373,0.3720053999829037,158.097252833912,0.43602406719171044,-3.387271606139386,-2.1873110910685236,-1.1858930716964058,0.6687814644032043,-0.9470177470495248,-2.1693350253402244,-190.26409424786527,-152.88080164064473,-112.57703071190085,23.646839992049784,-0.4825820480126356,-150.6049629782513
72_hours,5,GHI_d1_d2_d3,20,10,14.5,32.455060414838485,37.03836553259062,45.54171152016813,4.170592632000221,0.32038393660436587,38.142532846876534,149.98134580425523,172.42681027819896,206.00385503924642,17.39788123986513,0.29483099739093216,176.24654217318002,0.4882590517198574,126.01344234118241,146.98040731087121,180.73166749191196,17.18275277201689,0.3371040060413009,151.01512610003323,0.41835999365312554,-2.9739054930044126,-1.7841233696500136,-1.1064023563055851,0.5847137880747024,-0.8972512662843547,-1.9342705820475683,-178.20960680552284,-138.02751977758123,-108.69735825235108,21.451329172114804,-0.4522857151848707,-142.27645752510415
72_hours,5,GHI_d1_d2_d3,25,10,15.4,32.73368921776391,34.76230982874395,42.15092731680721,4.122319509280914,0.24927191671946958,37.092382277709746,151.5414467584116,162.47503993855065,192.9022073258708,17.59904704795592,0.2356350967823164,171.5247306107076,0.475178129918695,127.40908045429234,137.2324034064241,167.56774897782134,17.287379020948297,0.26837048255147883,146.49038186247503,0.4058250111027487,-2.4845061369832826,-1.4720985577023782,-1.150451724995547,0.5741840587527953,-0.733632712921277,-1.7810947645807391,-162.8882254909812,-125.37085006688154,-110.83004385153221,21.971982059720236,-0.37252433164528975,-136.32812605021445
72_hours,1,GHI_season,5,10,0.0,26.769335242690723,26.946807731608196,27.1012229502316,0.10191763707223542,0.011558755290097412,26.93567344520117,94.81421739475707,95.15208608686453,95.6403159299428,0.2443249984292246,0.007990331386665672,95.18172413754591,0.2614666687134322,76.07247174721032,76.32654888891679,76.59762404125101,0.16282985214805323,0.006507085705872303,76.33682534088939,0.20969924219063513,0.1423525502529528,0.15108653022706808,0.15710451829969518,0.004363569085421673,0.09020879479390091,0.15055256998740107,21.94863376216878,23.41904076741541,25.042988404477757,0.9035803716111018,0.12105352316264656,23.4020460375875
72_hours,1,GHI_season,10,10,0.0,26.720412484705776,26.758243443716076,26.919040207635543,0.08538842349217479,0.007163249243035472,26.800684639371593,95.13144294865063,95.25388200891427,95.60873803838078,0.21586476022776555,0.004982971114306777,95.35080116091117,0.2629725905221461,76.14126262038403,76.31105006784279,76.5786469215435,0.14849886033450135,0.005243057731749989,76.34673943290167,0.21056036868225075,0.144710238337301,0.15104733974507034,0.15322842707304052,0.0038529235387875,0.056789901586910205,0.1493149555773623,17.010652998027364,18.03263238573187,20.70225298475738,1.3489953506889993,0.1975533927094566,18.511113875590468
72_hours,1,GHI_season,15,10,30.5,25.732351084172034,29.50079736105455,30.874890828741098,1.6772659558544694,0.16946143848491546,28.892023542277325,95.62700366500947,104.06010067605769,109.29558760374927,4.674354506996114,0.1290513861901421,102.70408880277598,0.2832525784875582,77.75631953992402,82.33395644345973,84.52554078386989,2.3253943210947967,0.07918035267283681,81.48787378378252,0.2247393519945354,-0.1176951338836143,-0.013186436232982213,0.14438340846668496,0.08948358861118566,22.658604044311204,0.011213654437063302,-13.855027124791752,34.16685894184806,47.39822204856506,18.1637889166639,1.9150488698969457,28.820297312273446
72_hours,1,GHI_season,20,10,26.7,25.89427873485824,31.659174598187256,41.455616462064896,5.018715007652563,0.4486890785524307,32.140738352150166,99.23182752253187,114.94728984930558,151.4041259058715,16.35803949339928,0.40325914641707555,119.46483778111421,0.3309556470705593,80.89706133395414,89.7072796301774,116.71797951498647,11.29047447079666,0.3456005514857697,93.82914875291809,0.25993662416801006,-1.1465561825533408,-0.23773594444298352,0.07791954024641168,0.3837528034336878,-3.1343860541802275,-0.3589838335667401,-69.94299278743436,53.48537416462668,98.81470196325975,54.96359390814064,4.887856380975394,32.62619810033145
72_hours,1,GHI_season,25,10,25.1,26.502776762459913,28.808120209324606,33.32661509088286,2.075048913807945,0.21616731136310302,29.227068980218263,96.04652300036692,105.89312018093814,156.49319164123415,22.20988286746101,0.49214917036111944,117.59877209568783,0.3257860508289606,77.30464407957054,83.20967031644349,131.49073890617615,20.589096601447245,0.542840856780161,95.74295991946137,0.2652384905979858,-1.293283441803319,-0.050602901903545106,0.1361663167450955,0.5178624370906418,-4.038880713312273,-0.3365799799512938,-118.60973449222917,12.5102981372501,36.0749254702718,64.04774614811136,-5.93410627807839,-25.425675163272636
72_hours,2,GHI_season,5,10,7.4,25.824046696204366,26.934141594321627,28.8773224576369,0.9761801395084244,0.10680115314689849,27.066367839712836,93.13801659240566,95.45875712091194,101.48733167837389,2.59536467877458,0.08049075702890679,96.0926142904934,0.263968907625504,75.16973867090367,76.50852132390901,79.6999692756472,1.4286899787392193,0.05484967296045588,76.92509549564842,0.2113152355870786,0.034281692271010855,0.14560556475052555,0.18664382736011276,0.047254819980374056,1.0536909553582972,0.133653049179623,10.780934911646247,23.323342103614394,40.41711114305489,9.322161480062007,1.18201318467331,23.61916902353875
72_hours,2,GHI_season,10,10,0.0,26.764944990609184,26.943588193420133,29.019553420313553,0.7278512862338353,0.07443097094401818,27.221134446470046,95.57373186933354,96.35501850581826,101.62276891970266,1.9387248598608688,0.05677251225047994,97.02192837177098,0.2675814731574397,76.40497090009401,77.47826635425912,79.65869212162193,1.0062047252012858,0.03929930912629822,77.64753014356974,0.21414788235541066,0.033726321373276136,0.13130593009078917,0.14533643500938842,0.035742995164979724,0.8531971685982238,0.11892283040891687,14.217556082452552,16.91306434821235,38.664298983066246,7.413151695969138,1.0783890422442464,19.758521115109446
72_hours,2,GHI_season,15,10,1.3,26.458932466354877,26.933809558563752,30.319413698567704,1.115489059631112,0.11543105651655242,27.206587843743357,95.4218222210297,96.95166695341811,105.35604508481079,2.8340417512440683,0.08247619871358791,97.48894370990645,0.26886947736703004,77.00572862755442,78.68391944243598,81.54639691199071,1.2676519555595014,0.05123692182601962,78.74318563214366,0.21716964366881442,-0.038572982077226925,0.12051308649191406,0.1480511654818849,0.0534309758446875,1.3702451058545126,0.11006349686296021,8.95122080770042,11.354402724114994,44.953165210292404,10.75204252266504,1.959339691235804,14.513699005476207
72_hours,2,GHI_season,20,10,2.2,25.613519038197186,26.818656824237294,28.972156594333104,1.1161877724242066,0.11662480071602561,27.20963391330497,96.98579031650861,100.6056201398778,131.6046527206789,10.191468608013524,0.27425109897723704,103.60492434934869,0.2870186358981991,79.54044471154282,82.73188286155933,109.70121224442453,8.943011611442099,0.2933967543895092,85.05159605100644,0.2356200077634436,-0.6218449257305956,0.052170991851627935,0.1191883348906091,0.21941966219650555,-43.475936498498186,-0.013896020535440989,-85.78015328427028,-4.336126759876922,13.285966540747273,29.126696444901164,-6.101160685544936,-14.235655933397576
72_hours,2,GHI_season,25,10,22.5,25.603411304261176,26.96238004126982,31.005763246498564,1.682838313096476,0.1789162671425755,27.257524895709842,95.25177789026682,101.73786344920288,114.19815598902605,5.641689218320295,0.16907033009282407,101.993875298296,0.2825555169499236,77.86051962317417,81.71489871431467,88.35516264856794,3.6228362588956013,0.12375725442101869,82.29738262892725,0.22798995943956152,-0.22119501216106086,0.030756463016225144,0.15040290145230684,0.11016803822842783,14.508273617470776,0.023191819262755542,-35.766112371410465,4.163492012266671,43.31124489326817,24.453868873322985,40.65641182386917,1.7991444734382582
72_hours,3,GHI_season,5,10,5.6,25.404728001083388,26.891614031905938,29.473367053611188,1.0777161963439084,0.12930996919111604,26.930244760678754,92.35655883909699,95.26409815115832,103.94713823198671,3.1276111245615072,0.10094437602384834,95.73511762108207,0.2629868549880454,74.74862450342897,76.10488441833954,80.94955784599732,1.706510916392409,0.06764805867605046,76.41214708843327,0.20990615298774898,-0.013098963413239906,0.14908668909921285,0.20023520609409018,0.057796252739384636,1.2686648722087146,0.13982599562776207,7.104779498244167,23.869423366614868,44.9092316146829,10.00074764527776,1.4058587339862398,23.248185514451837
72_hours,3,GHI_season,10,10,1.4,26.62628564389235,26.792233446897363,31.99145476509915,1.6495159268878365,0.15531868759340348,27.308868412302736,95.4023796541107,95.82543296756434,111.50443200998878,4.960437662641049,0.13065991772009095,97.42225090612435,0.2686855420548331,76.22147051841064,76.6199797010519,85.18937987260801,2.7366078421085054,0.09189335914288593,77.43382926082184,0.21355850634546775,-0.16332848197553207,0.14082872059904705,0.14839830588109637,0.09620422407655288,2.239445646593196,0.10988407841108846,16.69769346900482,18.4520787096142,60.337112453085616,13.37800892498437,1.537016502163593,22.368834285823993
72_hours,3,GHI_season,15,10,6.8,24.9779588668478,26.47963332936057,30.238629945386325,1.4023517851417648,0.16448111120499317,26.678265148192356,94.56944162781988,96.85864473267972,105.80922651231121,3.3112822737840104,0.10127930253543582,97.53858216459298,0.2690063776642432,75.92928743951745,77.24461894520041,83.2304440143115,2.395083723804689,0.08743963973801604,78.23012493941886,0.21575464874671363,-0.047526891565613516,0.12220137980926044,0.16320370015701247,0.06214743549334553,1.6959542250796988,0.10891072781663932,-33.59662821100197,11.55437203037669,46.89903454106988,20.763797949142152,7.244617384901921,9.601258165770695
72_hours,3,GHI_season,20,10,4.6,27.170189790009896,28.551916692860924,37.86819800965241,3.5381625518414923,0.3306556852086763,29.996587426300255,98.54472226941512,103.94564460504648,125.63058463772848,8.299377439949376,0.23014671840048395,106.86563694660265,0.2960518482440155,80.0061530297513,82.1785746137588,100.25688327237086,6.487551391437361,0.2163643764278607,84.63555141827018,0.2344674316314629,-0.4779427145761821,-0.011837495706907342,0.090644748679227,0.1747972907583439,-6.841330820006139,-0.07521191150718823,7.904967834295457,18.32917431016068,83.10429403729643,27.103734681327705,2.31335425714047,30.979381611332137
72_hours,3,GHI_season,25,10,0.0,26.83506534090946,28.089422176046185,30.435690153826833,1.2354001435520836,0.11826896226680539,28.3771210859412,99.8168516949868,104.00071995603577,113.97028006892958,5.114986248327136,0.12576436986548375,106.15952698022133,0.29409569875963854,81.68391618023273,86.06416972018854,95.55252067330699,4.982449302525836,0.14893830320440735,87.48464803091896,0.2423603366110299,-0.2163262244346611,-0.012837543154250342,0.06701518603361567,0.10247055073791023,-4.644633052654463,-0.057526454503907365,-61.43441018486187,-18.501794760952162,10.28284607486335,19.35115948192609,-3.3727907182295915,-18.415929854532155
72_hours,4,GHI_season,5,10,19.5,26.955422548533875,27.28335802002727,29.93069092880444,0.8700191474076551,0.08720960255234277,27.505243944867857,95.50920061410467,96.35212187436835,106.92321510713653,3.3954331049654827,0.09434057807238966,97.3822938865655,0.26751169097754074,75.942910027903,76.37402072878817,82.60159706996113,2.008529017949004,0.06886701076700757,76.93044691189834,0.21132993606652928,-0.07194083358910186,0.12953638743123813,0.14470247213757914,0.06461542186052095,1.5846270545274967,0.10985303321698506,24.539249864249687,27.989268547564638,46.8869908411403,6.370533081849306,0.6226890443010112,29.412575910344923
72_hours,4,GHI_season,10,10,10.8,25.864405238361353,26.832764566699126,30.62851667761976,1.4453401217147739,0.1530758548195025,27.490651075357857,93.76888615466268,95.86403657870329,107.14270386972142,4.083870557702935,0.12040940784715069,97.61468353420734,0.26921626131562426,75.6172379173487,76.39655299951201,82.03759080669514,1.8612536414980136,0.0699228856325816,77.1946578162015,0.2128988838398886,-0.07409651066952061,0.14013595044184718,0.1773111411566647,0.07651619286420151,2.055463491606926,0.10704001598202177,2.950925848708154,19.812853981576364,52.819476081006506,14.805259926771638,1.751577492517446,24.987141029945814
72_hours,4,GHI_season,15,10,1.0,25.621016111959687,25.9221984619862,26.26447511351653,0.21945754770772122,0.024462787929719454,25.91738285062428,94.39169703307472,95.01805799139473,103.13044014429805,2.6191972618911867,0.0745341671052745,95.82293644578456,0.2642747152807052,75.33820042982396,76.17210985525423,85.96115243885768,3.1626998812229585,0.1099810887760041,77.03680932270997,0.21246354583812987,0.004842445856209854,0.15524288228856642,0.16634628492695003,0.04847978099410438,0.9391827129459018,0.1402959311763176,-29.089398775137205,8.03759005057257,11.554136728567793,11.871623950320869,7.7410372134164795,4.210106437250888
72_hours,4,GHI_season,20,10,2.0,25.73758307333601,27.02228250939263,29.096612331195505,1.1403776825494851,0.12054082412018748,27.207403856786776,97.78019033569535,103.36594619699468,118.97246478265026,6.915422865471097,0.19004327891985484,104.5548627181428,0.2896502677102092,77.07462198975199,81.76150632217991,98.33252424849543,7.114171825074299,0.24184489153740993,83.62267739446045,0.23166144801170444,-0.3254390375345668,-0.0005148558674597514,0.1046999762694042,0.13979446413373797,-14.505594439071032,-0.02768939373817323,-67.06523892581899,5.199884351231778,14.073949454102745,29.458401115337683,-11.605269778857092,-6.7732952275832705
72_hours,4,GHI_season,25,10,1.3,27.34924000427223,29.567974731295728,31.687765328600804,1.2635635829920409,0.13417384524688222,29.37160101108252,102.17866017218013,107.06196067396166,112.28419099436421,2.939729412835343,0.08412132273948812,107.05697344197331,0.2965819112718466,83.57135302205961,86.44611655549954,91.25567416353428,2.112777038243842,0.07872675228592278,86.93917457477184,0.2408492014185161,-0.18060350408295833,-0.073349029517922,0.022341350972278406,0.05897075694165897,-2.443319067794626,-0.07396810498006802,-23.47501011710541,0.5011329294645565,20.45119393266302,12.57550832031645,-423.75648170065335,-0.09343735451502724
72_hours,5,GHI_season,5,10,28.0,25.34448098384804,26.678299124192307,27.737656307328052,0.8976348241529074,0.08700445048513501,26.67289828173146,91.86568174308337,94.24476561361519,97.72316064528943,2.405012439240406,0.06067011566533648,94.75199172116928,0.26028618260261327,74.95572875523101,75.19283947380706,77.03458150085632,0.8873418877751774,0.026368463470399884,75.79690512542484,0.2082160673334057,0.10459027660966269,0.16719856752983486,0.2087141473268328,0.04279370514346224,0.6476621005466091,0.15772242935398922,2.4348215381134537,21.980464855634473,31.539823207306966,10.993060134245379,1.4331541203347062,19.683668650850645
72_hours,5,GHI_season,10,10,15.9,25.177256795903425,25.773612456818924,28.267844595479687,0.9768154237597042,0.10670123951438835,26.07938529115891,93.82780855236042,95.7266244148362,99.71703981216422,1.7907370887952787,0.05561931450096892,96.0429730551322,0.26488156489775466,76.43391968544181,77.64965090636584,80.89561010133642,1.5291603522253863,0.054141235498773664,78.12648323827295,0.21546881028175457,0.06962751768683395,0.1425750667746949,0.17627689552607917,0.032396404193899164,0.7071642089467034,0.1366534612419922,-23.413710378548142,-3.0895540019463232,35.6590120950733,18.638027881669306,-662.8005220805686,-0.08302163900473207
72_hours,5,GHI_season,15,10,10.4,25.90789374837053,26.08546552203432,30.879658284234463,1.9192534126045158,0.1792927056728001,26.990005980838323,95.12940574422416,99.98173442386366,140.57411138333364,13.405825407829486,0.35885874166619786,103.36368668108472,0.2850717154077508,75.7488704225759,82.54914994286972,118.74891338901094,12.496505599354446,0.41924281111344625,84.59149710062395,0.23329898498867646,-0.8489654470821724,0.06467546252567064,0.15326469328056347,0.2982311270612878,-54.85857052988105,-0.014797861995534923,-98.59051329327936,-15.61594314138356,39.57147654069987,36.52115107961812,-8.466743323938779,-13.721312228128918
72_hours,5,GHI_season,20,10,11.1,26.900643411581964,28.014214799853136,33.6974730782618,2.4211335397397344,0.2266704993765923,28.864624262390446,101.01572924686829,119.737022910451,156.84750478062298,19.262338226203127,0.43839010541558315,122.50916407614986,0.33938940044587024,79.63599572052256,99.54469171399924,132.50169088095956,17.74293106073278,0.5001635373718154,101.49825799601729,0.28118249918150245,-1.3036795526580915,-0.3434907292712064,0.04446885717404647,0.46358236129341734,-2.9605071297903627,-0.4366830464730652,-119.27901284392328,-64.69842766020247,6.771257049974588,43.138627617584625,-2.1077679876668953,-58.340595924549554
72_hours,5,GHI_season,25,10,11.7,27.564246440660344,28.970886662465453,37.207741050859475,3.4782394677351545,0.3076288432086171,30.428917433140253,101.25783773590484,129.1919839881865,173.2777709820412,21.92109715472317,0.4959052831530102,134.52638697620287,0.3726809350492589,82.65311851028876,107.64857174404501,147.81930119586056,19.839450987105305,0.5364262108690789,112.48987876226298,0.3116327892468703,-1.8115935906587426,-0.5629433979288578,0.03988304788365382,0.5826421670366911,-2.355562430594467,-0.7351549784994473,-139.43265401658513,-79.46181224891302,-6.380429975310126,37.42672392515665,-1.4449493406284541,-82.2547000293565
72_hours,1,GHI_season_d1,5,10,0.0,26.8524176391018,26.927756636754133,27.16482744907369,0.10993074286669126,0.010942000834986879,26.973825634068692,94.97149755397695,95.25109797935458,95.68110311569407,0.2301044473561726,0.00686007810122893,95.29965321694786,0.26179062295795824,76.20687838099725,76.4324839149169,76.74720557454101,0.17289414708952797,0.006515198083430729,76.45975837751723,0.21003694243564705,0.14162088213617474,0.14931888778350333,0.1543057673314535,0.004113459776052966,0.07872619752493416,0.14844693630637,22.695854327776573,23.23051493985909,24.984633911514106,0.8995049831956594,0.09518017351303709,23.59419381480901
72_hours,1,GHI_season_d1,10,10,0.0,26.692326162062535,26.75396215356686,26.783880239994552,0.03173548402364171,0.0032048573816680186,26.746088821618734,95.02043818404127,95.25258766752631,95.35586898598989,0.1046235289770721,0.003230296051690489,95.2199030916826,0.2626115804001515,75.99626607153834,76.19190023822429,76.45312031121172,0.14086245866779265,0.005426257720625641,76.17486722795893,0.2100863540077828,0.14922845097612647,0.151070417838078,0.15520339636759617,0.0018637288718566672,0.03613070440779411,0.15165199339829133,17.517638499532165,18.51556876973413,19.676038164492773,0.6654633236053497,0.10825178304716675,18.672649460947916
