samplingFrequency,polynomialAugmentation,features,history,nbIter,nbEpoch,MAPE_min,MAPE_med,MAPE_max,MAPE_std,MAPE_CI,MAPE_mean,RMSE_min,RMSE_med,RMSE_max,RMSE_std,RMSE_CI,RMSE_mean,nRMSE,MAE_min,MAE_med,MAE_max,MAE_std,MAE_CI,MAE_mean,nMAE,R2_min,R2_med,R2_max,R2_std,R2_CI,R2_mean,MBE_min,MBE_med,MBE_max,MBE_std,MBE_CI,MBE_mean
30_minutes,1,GHI,5,10,8.9,32.58221245,32.86536398,33.86717037,0.385280944,0.035284782,33.01987846,76.59676832,80.64407278,81.10386819,1.614045888,0.054016659,79.90652081,0.221101998,51.21511396,52.57877772,55.89037041,1.365256899,0.077037672,53.06433164,0.146829441,0.900269302,0.90139687,0.911045768,0.003857005,0.011431544,0.903156693,-10.64126563,-2.102389981,0.311336335,3.424342214,-2.866442581,-3.440967547
30_minutes,1,GHI,10,10,27.8,33.37613897,40.69141483,49.89758579,6.811543344,0.393403282,41.14673744,78.78742927,86.47368845,103.4851416,7.854720703,0.262247536,88.38149228,0.244534455,52.71402723,61.72868333,77.5591153,8.279435963,0.379205211,62.68908851,0.173448555,0.837660983,0.886645968,0.905901917,0.021886653,0.072747378,0.880747948,-33.10892691,-15.6086268,10.43797242,14.42314297,-3.27242134,-12.56891665
30_minutes,1,GHI,15,10,18.5,33.7293352,41.49519179,73.18568919,11.17942007,0.765243443,43.19938972,78.73747569,89.87325631,96.35365826,5.250608637,0.18266656,88.28989724,0.244281029,53.6709444,63.38090621,74.83162394,5.822680913,0.29973602,62.60525963,0.173216616,0.859264606,0.877558554,0.906021201,0.013774783,0.048378832,0.881458857,-27.02828823,-9.500964711,3.059185339,7.708139449,-2.623694631,-9.583645447
30_minutes,1,GHI,20,10,15.4,28.15523109,37.99666586,50.72813774,6.97763639,0.54888387,37.26183412,78.49215063,81.34426772,106.2342547,11.12080775,0.298476553,88.22945691,0.244080424,52.72807733,55.97401588,78.25732464,9.793552433,0.389949828,61.78528573,0.170924533,0.828932433,0.8996859,0.906612019,0.030676464,0.083298708,0.880317269,-37.53271025,-11.63766052,-2.702433138,11.63892498,-2.392403266,-13.77221128
30_minutes,1,GHI,25,10,15.9,27.86706501,34.99898237,46.57579092,5.69093688,0.469571816,36.19745825,77.27677107,79.46526723,86.53821297,2.827668194,0.10280524,80.09866574,0.221587177,50.92008648,54.32032131,62.85731071,3.680177667,0.19566905,54.97765635,0.152091718,0.886484707,0.904279245,0.909481684,0.007000567,0.02257529,0.902641038,-14.10118569,-6.594278183,0.686974598,5.365788748,-2.169898525,-6.638930079
30_minutes,1,GHI_d1,5,10,5,31.51815959,32.7298804,33.17707475,0.556186319,0.049234516,32.55739261,76.3678191,78.53318,86.66925423,3.759455034,0.119920108,79.76938471,0.220722542,50.91915266,51.69335467,63.35170766,4.455602144,0.209154793,54.54713072,0.150932358,0.886112558,0.906437988,0.911576745,0.009205058,0.026092378,0.903331383,-25.0168215,-3.908892145,-0.36056503,9.238403375,-2.829158772,-8.409132739
30_minutes,1,GHI_d1,10,10,15.1,28.59349916,37.35718177,40.31622599,4.427093223,0.320938541,35.25884258,78.00018572,87.59412751,92.15407861,5.148137642,0.153736156,85.01044402,0.235207418,51.88256446,59.65624554,66.3925347,4.69817815,0.225902577,58.14850082,0.160885629,0.871265178,0.883689047,0.907772977,0.013182269,0.037800012,0.890088642,-17.50011679,-1.101040458,4.894267714,6.199562273,-7.408989152,-2.640291203
30_minutes,1,GHI_d1,15,10,20.5,32.55437284,39.1178158,56.61188374,8.22504294,0.550016971,42.36469376,79.8896003,95.14047802,101.2812409,7.128927034,0.221821449,93.06716326,0.257498798,54.43648472,68.45916331,76.9612198,7.211042223,0.316722734,66.93348651,0.185191981,0.844501952,0.862786038,0.903250793,0.019572721,0.06548154,0.86800811,-32.60712643,-20.92063462,-4.341540672,8.470388452,-1.342806997,-19.74719215
30_minutes,1,GHI_d1,20,10,13.5,30.25991835,37.81456869,51.29823117,6.510942611,0.495483965,38.70996062,77.86808549,89.14982481,101.9087692,9.477919399,0.260876859,87.95315047,0.243316042,51.7016594,62.51015305,76.14156825,9.315152414,0.374611693,61.95293547,0.171388324,0.842579371,0.879330062,0.90809111,0.025382716,0.070584654,0.881516829,-42.62809238,-12.15766519,1.209924122,14.12117006,-2.875151913,-14.23879123
30_minutes,1,GHI_d1,25,10,14.9,30.50046005,35.59844847,44.90982742,4.778775176,0.362517881,37.10306091,77.31634993,80.97643046,117.4072024,13.98260746,0.434531225,87.27413625,0.241437599,50.47640407,56.11750614,87.5860906,12.72768957,0.578371244,60.85926823,0.168362773,0.791056912,0.900605373,0.909388939,0.041023457,0.125904048,0.881878613,-59.35217692,-10.0606186,5.489411354,20.32169806,-3.684268442,-16.17618588
30_minutes,1,GHI_d1_d2,5,10,5.6,32.44755088,33.08599823,39.36245166,2.071556121,0.172793937,33.73965089,76.36094715,79.53061549,85.04635246,3.104232993,0.100587313,79.66220303,0.220425969,51.08664552,54.23252842,61.15539782,3.089670395,0.165686533,54.59286442,0.151058904,0.890337762,0.904037823,0.911592658,0.007543375,0.02164012,0.903651833,-21.31003884,-7.993200941,7.769118813,8.049308896,-3.921933919,-6.663742337
30_minutes,1,GHI_d1_d2,10,10,21.1,28.75568077,37.96386873,42.18027848,5.110283268,0.363747586,36.35996102,79.11573986,85.075645,93.2322143,5.477037455,0.160340512,86.13219255,0.238311079,52.6191998,59.0464048,67.02201931,5.018651859,0.230592418,59.81588838,0.165498967,0.86823535,0.890259943,0.905116062,0.014360758,0.040716253,0.88713078,-20.48479509,-7.70956177,1.74688585,7.222597579,-2.197404244,-9.372291251
30_minutes,1,GHI_d1_d2,15,10,25.7,31.17394113,40.77116702,52.68824028,5.928075854,0.468698366,40.58611354,81.9639052,89.26435333,96.94191551,4.944810793,0.152760572,90.17969733,0.24950974,56.55077142,62.40871671,68.62449018,3.71698079,0.175477715,63.0783179,0.174525477,0.857540929,0.87917322,0.898161452,0.01353935,0.042781357,0.876388731,-29.06750985,-16.06251643,9.844047424,12.36016465,-2.655388304,-13.68090163
30_minutes,1,GHI_d1_d2,20,10,30.5,27.77761924,34.73915856,45.41612632,5.182317389,0.442688433,35.76235712,78.32136667,86.38151959,101.0672885,7.135097005,0.24241524,87.82888253,0.242972264,53.29271899,61.33834991,73.43811094,6.392553512,0.302901712,62.57900327,0.173120296,0.845168344,0.886895292,0.907017966,0.019449092,0.065530513,0.882378907,-33.98330317,-20.62969514,-5.760944852,9.014584202,-1.250826889,-20.79033808
30_minutes,1,GHI_d1_d2,25,10,23.8,28.02191173,36.16834493,44.55143298,4.780467529,0.410372639,35.9108682,78.02099851,79.85500677,84.53717853,1.855036156,0.07061673,80.14090746,0.221704036,51.63699959,55.22078895,57.20202755,1.993810169,0.096361178,54.62471107,0.15111532,0.891673671,0.903340785,0.907729784,0.004570989,0.015420338,0.902600571,-15.03511233,-5.972730248,14.42369218,7.959756018,-5.392091373,-4.663010054
30_minutes,1,GHI_d1_d2_d3,5,10,11.4,31.70270253,32.44973814,33.13387975,0.534632991,0.042225308,32.46952275,76.91126787,81.8460679,84.04924119,1.983484552,0.075535285,81.66405929,0.225965122,52.01114489,56.11384695,59.56458999,2.655518136,0.129469586,55.62055133,0.153902522,0.89289412,0.898435364,0.910313792,0.00483973,0.016784746,0.898833164,-18.69969471,-10.79379007,2.320403107,7.456823444,-2.04879763,-9.857807216
30_minutes,1,GHI_d1_d2_d3,10,10,18.7,28.64179116,40.70963259,60.31101598,9.066026118,0.693958567,40.98133029,79.91496721,87.77290494,98.67804629,5.594299777,0.195810674,87.6786519,0.242589832,53.54381294,62.01126196,75.74279452,6.412610657,0.323652113,62.24320368,0.172214878,0.852392644,0.883214322,0.903189343,0.015034513,0.052355858,0.883038493,-14.88141297,-8.392210881,1.207014476,4.596754343,-1.6444508,-8.724336044
30_minutes,1,GHI_d1_d2_d3,15,10,24.3,29.80474968,33.4212691,42.28277,4.237573386,0.338924148,34.18741778,78.11184117,82.12133395,94.99924765,5.990421852,0.194234964,84.1335632,0.232781259,53.39196307,56.23872975,66.15801469,4.68507381,0.214679783,57.86975766,0.1601144,0.863193338,0.897763879,0.907508747,0.015820044,0.048121009,0.892208997,-27.86705889,-12.94956932,-2.070243962,7.861286924,-1.721296481,-13.73434911
30_minutes,1,GHI_d1_d2_d3,20,10,23.6,29.36727335,34.61798936,46.18372619,5.444047786,0.433915912,36.1211838,77.58442569,84.59563749,89.00139849,4.006525488,0.130012292,83.66812241,0.231461822,52.3791484,60.02372498,64.08983815,4.021844943,0.188463062,58.82408925,0.162732597,0.879930641,0.891500654,0.908759506,0.01009061,0.030741574,0.893670461,-31.0787111,-15.43679687,-5.55817723,9.888754824,-1.460285359,-17.09579503
30_minutes,1,GHI_d1_d2_d3,25,10,21.5,28.24490677,38.08247744,48.81081357,6.474011124,0.516466635,38.52015836,77.22752671,82.09304989,90.82815898,4.19575897,0.149789014,82.49177573,0.228207543,51.63790326,56.86867038,63.8891714,4.071740128,0.199391213,57.4551508,0.158945528,0.874951193,0.897813484,0.909597013,0.01066007,0.035028965,0.896612071,-15.4292142,-7.848637789,-1.211663978,4.739387389,-1.631373588,-8.354633353
30_minutes,1,GHI_season,5,10,35.1,32.337231,36.80372153,43.72051722,3.232065493,0.272103805,37.32060091,76.39480939,77.89203236,80.95201291,1.272280501,0.051210031,78.31136373,0.216688186,49.65650644,50.82824408,53.41937331,1.26342206,0.070685167,51.21138298,0.141702317,0.900642415,0.908011863,0.911514232,0.003037059,0.010543441,0.90699668,0.520563274,9.443520148,11.04406317,3.721788719,1.298489928,7.644692402
30_minutes,1,GHI_season,10,10,26.5,34.70776835,45.00099862,61.45110167,9.370098661,0.561483468,45.55597073,77.75744795,83.10786014,94.36842939,6.229055375,0.189343444,84.93913214,0.235010112,51.29333408,57.93734736,71.59445316,7.785290893,0.33596005,59.52394987,0.16469123,0.865004165,0.895295802,0.908346108,0.016296422,0.047218833,0.89010458,-13.30804427,-1.098934077,20.26998517,10.84835911,27.05617604,1.172255109
30_minutes,1,GHI_season,15,10,28.1,31.05544811,42.74395827,64.40166881,9.741949275,0.657025519,45.47209326,77.32845426,86.50500129,98.96211398,7.39016873,0.228931961,87.54033355,0.242207132,50.51685318,58.21041025,71.69590747,8.741823458,0.337699608,60.6683719,0.167857623,0.851541577,0.886504933,0.909354641,0.019756332,0.060638925,0.883087751,-39.09870964,5.026075985,25.92594882,19.41017649,37.46485105,1.543585087
30_minutes,1,GHI_season,20,10,19.1,35.61402666,45.68209086,52.5870866,5.935411665,0.368480495,44.84140681,78.84137665,82.09831343,105.6744506,8.801701061,0.283699153,85.6430322,0.236925267,49.88019924,54.2957978,76.99429595,8.85013618,0.425298731,58.18529289,0.160965413,0.830730572,0.897828133,0.90577917,0.024365602,0.075912055,0.88776419,-34.09482773,2.164430836,22.20327032,17.07803979,100.4910344,0.510141392
30_minutes,1,GHI_season,25,10,27.4,32.99034264,39.93672955,47.84195964,4.638202098,0.346445716,40.15966205,77.70770425,80.03612076,88.50679935,3.246276792,0.118718396,80.61035958,0.223002741,50.36940274,52.81403668,59.5035277,3.005136874,0.164018035,53.69861803,0.148553351,0.881261434,0.902899932,0.90846932,0.008173584,0.026660134,0.901359861,-20.65425823,10.62805709,28.52323101,13.18154032,4.904542585,8.693748427
30_minutes,1,GHI_season_d1,5,10,35.2,35.10499834,39.28809398,46.30788602,3.48847301,0.266287687,40.08486837,77.01103762,78.51467437,81.14065314,1.292074807,0.048798796,78.73957412,0.217873047,49.79942421,52.4241122,55.99441984,1.608319075,0.101889349,52.44932002,0.145127699,0.900178815,0.906533172,0.910080958,0.00310043,0.010169779,0.905976356,2.728185897,7.245219786,18.57803029,4.222176296,1.598869878,8.441555809
30_minutes,1,GHI_season_d1,10,10,30.7,32.41800719,43.30264677,50.67523656,6.345814571,0.420163238,41.8505235,77.81940198,82.08218388,91.41005619,3.952009309,0.146611717,82.6977864,0.228808743,49.95124898,57.26641434,61.96849699,4.149588184,0.200152173,55.89149158,0.154640922,0.873335513,0.897867304,0.908199997,0.010147184,0.034634342,0.89611654,-10.66571912,7.964793785,30.20130651,13.00055362,3.828109137,9.869470874
30_minutes,1,GHI_season_d1,15,10,28.2,37.83209988,47.58288565,52.5538111,5.632500033,0.313753083,46.43881017,80.62397612,85.21224732,95.57356742,4.599478295,0.157291986,86.06460647,0.238124081,54.39450703,58.39200233,69.47253965,5.184936685,0.237273936,59.93447169,0.165827064,0.861534203,0.889927846,0.901463907,0.012255025,0.040604959,0.887427842,-25.21770229,-2.091572348,20.66034754,14.33774823,-25.10424981,-1.724534165
30_minutes,1,GHI_season_d1,20,10,19.6,32.50885856,42.78066159,59.78044901,9.187752215,0.589618949,43.13773797,78.90580034,84.69967887,108.6491696,8.887751285,0.298056236,87.05780084,0.240839122,51.40981315,56.02073255,82.63005933,9.501427214,0.45968844,59.34225385,0.164166062,0.821066625,0.891251461,0.905625125,0.025176555,0.082701325,0.884039873,-26.05381554,-2.377725385,20.39835147,13.97467583,-22.6957901,-1.884797962
30_minutes,1,GHI_season_d1,25,10,21.9,31.14443744,43.00024807,60.09287374,10.36772399,0.646791038,43.85871758,78.3923844,83.72801897,96.30192565,6.141161164,0.202009118,85.00716017,0.235166173,50.33116904,56.71328543,67.07394209,5.485345367,0.269975271,58.08026656,0.160674865,0.859424877,0.893673164,0.906849267,0.016196103,0.050946831,0.889951353,-11.98836647,9.164368393,34.62671081,14.87790741,5.466845588,7.981980674
30_minutes,1,GHI_season_d1_d2,5,10,29.5,33.28948819,41.22007297,51.45951806,5.768860786,0.410885314,42.06350392,78.48057455,80.91078476,86.03546368,2.765736254,0.089355127,81.79544246,0.22632866,50.81673165,52.51126332,58.7289308,2.90771202,0.138336855,53.93767056,0.149245977,0.887772128,0.9007333,0.906616517,0.006904301,0.020298832,0.898456862,3.212651827,14.70421884,23.58713306,6.063336525,1.309127489,14.14645599
30_minutes,1,GHI_season_d1_d2,10,10,25.2,37.2648196,45.72412784,55.97102886,6.181631454,0.385613436,46.17663617,79.2002945,85.78434499,88.77709759,3.479864326,0.108396275,84.86437314,0.234803268,52.0704506,57.83187875,64.63190045,4.481726146,0.202663285,58.47843713,0.161798498,0.880527267,0.888442089,0.90491314,0.008882436,0.026322944,0.890661166,-13.049519,8.873324341,13.72634278,9.254506284,6.192509532,4.028080178
30_minutes,1,GHI_season_d1_d2,15,10,19.7,32.86012722,37.64003123,53.02794466,6.714226937,0.472279435,39.55007387,78.43702394,82.47530073,99.04254042,6.874814789,0.222715944,85.24621946,0.235859763,50.84360637,56.09292392,68.09949365,5.349591334,0.272542852,57.26861892,0.158451166,0.851300175,0.89687863,0.906737054,0.018438591,0.057247169,0.889196904,-13.35118269,3.782220331,33.28238993,18.01686532,5.638322945,8.105066929
30_minutes,1,GHI_season_d1_d2,20,10,28.3,39.3522974,52.13154182,68.28096563,9.017693564,0.514520939,51.80597189,79.945356,92.87127874,125.9831,14.42028317,0.42997098,95.14951641,0.263224269,52.8466921,64.41101496,99.293,14.27242654,0.607115481,67.3771846,0.186394118,0.759418011,0.868844741,0.903122034,0.044337669,0.146971892,0.859932368,-42.39715184,3.660051545,48.41587262,28.34589068,27.55290296,3.129973637
30_minutes,1,GHI_season_d1_d2,25,10,22.8,34.68771302,44.15010023,104.6584551,20.46891153,1.17051565,49.57741329,77.39592641,81.73017215,126.3693833,14.55094009,0.47204717,86.49939912,0.239294344,51.84458131,55.74371782,102.4629614,14.97807558,0.675505715,60.81893346,0.16825119,0.757940428,0.898747208,0.909202323,0.045311552,0.141002838,0.883698073,-12.49522107,5.681230759,18.7552233,10.30509341,5.574155683,5.252125806
30_minutes,1,GHI_season_d1_d2_d3,5,10,21.1,34.60923458,40.11725316,55.01000387,6.725717583,0.450824506,41.94813728,76.50340844,83.130964,87.45604638,3.378832834,0.120388815,82.40641681,0.228019231,48.3200618,55.04606218,59.68027137,3.540632161,0.195919131,54.79592254,0.151620767,0.884035409,0.895207479,0.911262479,0.008396752,0.027513147,0.896884395,-11.02088411,11.31296071,21.87838874,9.025551683,2.481723407,11.3211388
30_minutes,1,GHI_season_d1_d2_d3,10,10,24.3,38.06172715,46.68353933,62.06315216,7.942790299,0.461126225,48.19032046,79.99501743,85.19911174,99.85953958,5.975278991,0.209859315,86.87386516,0.240363143,53.58216844,58.39121308,71.16608692,5.236033425,0.267794851,59.74819987,0.165311686,0.848836815,0.889963392,0.902995297,0.016343834,0.055988296,0.885107839,-6.63945716,9.941551524,40.11681135,13.55578445,3.181541469,13.4703238
30_minutes,1,GHI_season_d1_d2_d3,15,10,21,30.85705911,48.99957805,62.47094823,9.025286915,0.598551762,48.28342924,84.37130597,90.49535466,107.1495153,7.398701752,0.234637471,92.22921793,0.255180366,57.60179946,61.74489041,78.9207768,7.851191562,0.326883574,64.426361,0.178255251,0.825960696,0.875838592,0.8920913,0.021572931,0.072030858,0.870308332,-32.69950873,16.28362913,49.87674582,23.09852553,6.537013317,11.2137297
30_minutes,1,GHI_season_d1_d2_d3,20,10,24.3,40.03236371,47.05249882,65.9877019,7.629431976,0.4851974,48.60959323,81.84872585,83.71890873,93.49994582,3.478853687,0.118466938,84.7891384,0.234563031,52.79777203,56.84585978,63.47166683,4.139286552,0.176285588,58.31778202,0.161331935,0.867486157,0.893751351,0.898454104,0.009233847,0.029855244,0.890861881,-9.009338743,12.36483712,21.03079673,9.265881563,2.73598429,10.02264344
30_minutes,1,GHI_season_d1_d2_d3,25,10,18.7,33.10708972,44.24436864,56.49783827,7.862233959,0.491906639,44.6495098,78.76507969,82.92056003,90.99074536,4.492888334,0.142046271,83.95341629,0.232251066,52.88159937,59.6089542,65.01889785,4.561662665,0.199802607,59.14551747,0.163621805,0.874503107,0.89577714,0.905961442,0.011537861,0.034345428,0.892889197,-18.9490438,1.465027408,17.96986263,10.08072757,26.7741019,1.192750994
30_minutes,2,GHI,5,10,28.8,30.94251033,32.42523954,33.20079849,0.590251075,0.060124574,32.33813147,78.96313374,80.39713086,81.86894071,0.845470625,0.032066041,80.21182262,0.221946771,53.58255984,56.58561732,58.2095887,1.325146311,0.073800134,56.19001988,0.155478246,0.89837886,0.901999743,0.905464599,0.002058786,0.00694431,0.90244132,-17.04413628,-13.15182783,-8.517461973,2.679184537,-0.630727841,-12.55711607
30_minutes,2,GHI,10,10,4.1,33.07771565,34.37224067,39.34082163,1.778511678,0.152500926,34.75632539,76.22307825,77.11158873,79.56801779,1.033539335,0.039710126,77.36999571,0.214067779,50.74305515,52.32056385,56.21954977,1.623940216,0.093377046,52.72544702,0.14588109,0.904028122,0.909862007,0.91192759,0.002441976,0.007976728,0.909242651,-7.891536521,1.511249246,4.114675867,4.106238951,-71.04606882,-0.157635889
30_minutes,2,GHI,15,10,26,28.9902984,36.88603887,58.17580719,11.21087323,0.694306211,41.47583378,77.55846814,82.20821975,115.9015348,12.87916846,0.387007584,87.93022988,0.243285899,51.77737666,57.14793669,89.1933003,12.43696307,0.532623681,62.13345439,0.171911223,0.796368346,0.897367789,0.908814589,0.036823061,0.111918299,0.880532755,-39.84947696,-4.504488454,16.3850509,16.59142313,-7.472315529,-6.901044656
30_minutes,2,GHI,20,10,28,28.38220634,32.82679844,48.08406642,6.179773576,0.50607914,34.8954867,77.80088255,79.1900887,103.2297904,7.638637491,0.249952654,81.72583659,0.226088628,51.28741025,54.15052409,76.6937943,7.31748495,0.363020716,56.33621996,0.155850086,0.838471701,0.904942888,0.908249682,0.021077978,0.062164768,0.897962802,-26.47351866,-7.015368919,4.387885731,8.013461011,-3.143081801,-8.291685348
30_minutes,2,GHI,25,10,22.9,26.64899931,38.21952906,45.64426187,6.252635381,0.482268723,37.00904517,76.40646554,81.47104675,87.74035275,3.63908218,0.129267945,81.10346651,0.224366886,48.74112877,58.01943893,64.67517208,5.284710517,0.265306246,56.12680287,0.155270749,0.883309022,0.899387696,0.911509072,0.00900029,0.028884523,0.900114241,-14.44258548,-2.184782999,5.316017658,5.83009718,-6.933822334,-2.569966841
30_minutes,2,GHI_d1,5,10,28.7,32.87450031,34.34356704,35.75713524,1.033123454,0.08179038,34.18754634,79.08593653,80.49862123,82.43210728,1.229449222,0.039919959,80.63878823,0.223128188,51.93107061,56.0605344,58.5836188,1.804023932,0.101419045,56.13265142,0.155319507,0.896975972,0.90175139,0.905170329,0.003008052,0.008741546,0.901389184,-17.18976227,-9.079826771,1.007968057,5.221219449,-1.627945478,-9.796045542
30_minutes,2,GHI_d1,10,10,32.8,38.59230392,43.49377947,50.5768775,4.598211299,0.264068144,44.00704313,78.19129301,80.04402775,90.39718984,4.159380656,0.138505161,81.63700396,0.225873763,52.97544784,56.26469594,66.77468829,4.948836515,0.227957656,57.64909115,0.159503859,0.876126966,0.902864048,0.907320495,0.010564849,0.032039925,0.898736139,-14.42131274,-2.987317065,7.639300163,5.764387918,-5.250476396,-3.608245124
30_minutes,2,GHI_d1,15,10,24.4,28.31382616,34.25728907,45.76569063,4.783057731,0.436036071,34.64156264,77.00489755,79.86202195,91.23858875,4.747001486,0.163514544,81.39621131,0.225207537,51.25589962,55.51779755,65.98499002,4.793005367,0.245570042,56.31654826,0.155816971,0.873810263,0.90331568,0.910111608,0.012051387,0.037606597,0.899259832,-24.25707695,-1.565672288,5.832357147,11.90502882,-4.722660051,-6.224262548
30_minutes,2,GHI_d1,20,10,35.4,29.69017798,33.3827616,44.51165248,4.617127453,0.396689962,34.46074233,76.72331668,79.01093654,86.30112163,2.698874757,0.10503409,79.74638855,0.220612628,50.83799092,54.38448464,62.2662782,3.146153354,0.178550635,55.23526133,0.152804364,0.887105857,0.905373419,0.910773621,0.006688451,0.02286535,0.903504285,-22.85668522,-8.766567892,-0.716561669,6.788255612,-2.294109739,-8.87771587
30_minutes,2,GHI_d1,25,10,25.6,34.08502574,39.7657648,57.08227943,7.851599971,0.516704379,41.9801579,76.89433397,85.20619091,92.00848406,6.04237439,0.177314683,84.62463441,0.234107943,50.69589294,60.66277069,68.15290599,6.609821125,0.279554239,59.71360641,0.165193382,0.871680021,0.88986135,0.910375405,0.015464921,0.04312353,0.890951345,-29.07107212,-4.832256523,16.12038416,13.32904263,-5.798643424,-7.031673517
30_minutes,2,GHI_d1_d2,5,10,22.5,31.20856104,36.43553292,37.81643367,1.93803052,0.162528317,35.77971499,77.27413104,78.64944573,79.53252108,0.776995861,0.027250335,78.49956418,0.217208938,51.32380578,53.09382793,55.44904911,1.221553779,0.071681181,53.17673425,0.14714046,0.904096332,0.906213901,0.909465526,0.001847102,0.005609555,0.906563082,-7.901037217,-3.295517301,1.685099841,3.121117198,-3.256325006,-2.74608218
30_minutes,2,GHI_d1_d2,10,10,20.9,32.98019114,43.45918284,52.78042809,7.045852212,0.456895256,42.29326378,77.43918044,82.63550289,98.15127585,6.050842743,0.21693677,83.40048441,0.230752972,52.30600589,59.13931378,73.21864893,6.423858568,0.317651973,59.98179117,0.165957988,0.853964375,0.896485467,0.909094866,0.016080079,0.053489137,0.894060818,-23.78840195,-5.751330692,10.60248048,10.59187336,-7.873144698,-3.950131551
30_minutes,2,GHI_d1_d2,15,10,20.1,36.66830128,44.16741952,60.5432676,8.11165608,0.495993431,46.14008565,77.30416971,83.69574928,104.3792517,10.01039274,0.300192896,87.41203235,0.241852147,52.86383899,59.76043842,77.25297658,9.029796681,0.376514557,62.70235704,0.173485266,0.834843651,0.893644004,0.909411565,0.027488226,0.081821278,0.882805986,-17.85677027,-4.874222873,13.57046376,9.058892618,-5.844875894,-4.833711491
30_minutes,2,GHI_d1_d2,20,10,17.3,28.18793787,34.52453607,53.75273269,8.830324502,0.63616511,37.47774848,77.33808703,78.93763797,98.46069165,6.833651833,0.232146822,81.93639035,0.22667111,51.37823196,52.97382658,75.99821302,8.174695307,0.391921201,57.29746421,0.158509299,0.853051792,0.905548439,0.909337982,0.018110619,0.056076761,0.897599396,-26.9571401,-6.362845708,5.108568121,10.44596226,-3.699699193,-8.236748506
30_minutes,2,GHI_d1_d2,25,10,30.6,32.38878051,40.07123967,61.89916251,9.537892573,0.607387992,44.18275347,77.6369857,81.62569249,86.71842501,3.108408653,0.106270754,81.86722192,0.22647976,50.42833542,56.22451546,66.11987995,4.572823694,0.248402405,57.38605657,0.158754383,0.886011433,0.898998912,0.908635841,0.007762477,0.02414977,0.898276392,-28.10381906,5.773910619,17.85081986,12.85155473,100.310175,0.392557477
30_minutes,2,GHI_d1_d2_d3,5,10,19.2,31.77928718,37.79244251,39.0844981,2.457070032,0.18591905,36.40181526,76.7339495,78.27565339,83.20383439,2.087995567,0.07564112,79.25908674,0.219310543,51.4361744,52.88106026,57.15450102,1.957568042,0.10306145,53.3362836,0.147581934,0.895037926,0.907103538,0.910726857,0.005070619,0.016071154,0.904695145,-16.59163996,-1.2751436,9.085872912,6.661435992,-13.28200877,-1.659903304
30_minutes,2,GHI_d1_d2_d3,10,10,23.7,33.79434611,41.9648839,47.83924032,4.20663062,0.304739467,41.03590204,77.75385772,83.36249314,98.65201844,6.677264065,0.226143997,84.69843501,0.234344149,52.78297705,60.75517002,75.63407713,7.094775272,0.339560965,61.39570553,0.169870015,0.852470501,0.894646773,0.908354571,0.017704133,0.0571416,0.890644615,-35.28954406,-10.30486135,3.273371447,11.26651861,-2.638068519,-13.15849016
30_minutes,2,GHI_d1_d2_d3,15,10,28.8,28.31408807,34.60330146,63.10604323,10.94937628,0.801954117,39.21062818,76.98260963,83.92898679,103.5456091,8.404770614,0.289738788,85.56031186,0.236728796,50.15309887,59.74836845,79.38569889,8.695892245,0.444355335,60.99355026,0.168757329,0.837471215,0.893203316,0.910163634,0.023011377,0.075994232,0.888064712,-23.41962575,-11.77087413,4.849199288,9.916764228,-2.61076839,-10.38642072
30_minutes,2,GHI_d1_d2_d3,20,10,29.9,28.66856187,41.2815564,53.83011651,8.204400784,0.563835572,41.93301318,77.32161111,81.96417881,90.58068444,4.110010267,0.149796779,82.38439266,0.227910476,51.55523548,58.8563818,69.23146652,5.36480536,0.273128542,58.90498422,0.162956387,0.875631692,0.898167421,0.909376607,0.010413563,0.034894725,0.896890156,-25.39919564,-8.227257112,8.23286413,9.467771099,-4.020904034,-7.38470448
30_minutes,2,GHI_d1_d2_d3,25,10,28.4,39.37516354,49.21951092,63.61008612,7.477149025,0.436989989,50.28671757,78.83864298,81.64918008,85.70379922,2.363252467,0.080795981,81.69522538,0.226003944,54.66919513,58.39810926,62.8596978,2.739170659,0.133214369,58.3106957,0.161312331,0.888663215,0.898942365,0.905785703,0.005879108,0.018294741,0.898758438,-7.972335334,7.700717019,18.5924148,7.790477222,3.236616828,7.283929573
30_minutes,2,GHI_season,5,10,25.4,30.40636361,35.30594505,41.95903961,4.316215446,0.31382631,35.9098528,76.1175416,80.55761528,96.20558139,7.213541857,0.228916471,83.21759671,0.230263773,47.59091246,52.60843949,67.30206005,6.702291135,0.332177935,55.03765927,0.152289655,0.859671379,0.901591518,0.912155368,0.018767941,0.055445343,0.894293157,-17.25217632,10.30404215,37.94972245,17.12549162,3.811481578,13.31201326
30_minutes,2,GHI_season,10,10,30.5,29.78122882,34.77517797,45.42331855,5.644102343,0.410307996,36.335033,75.59204959,78.12504294,81.36425741,1.783432351,0.06741858,78.20019468,0.216364778,46.24427297,50.77058745,53.40296233,2.061708638,0.124097714,50.38186067,0.139396841,0.899646102,0.907476505,0.913379805,0.004238411,0.013813604,0.907255998,0.462264418,7.785407068,19.26949121,6.503501857,1.855143688,9.554322604
30_minutes,2,GHI_season,15,10,33,26.45732317,33.38343559,37.64582688,3.699228214,0.319354292,32.66678475,75.62236789,77.36395973,81.11682908,1.540239246,0.061833908,77.54145112,0.214542162,46.47781964,48.89772416,53.62471003,2.395902161,0.134171554,49.92118066,0.138122229,0.900255526,0.909271363,0.913310308,0.003661563,0.012519248,0.908822232,-13.88641392,4.320914709,11.75743564,8.474741214,14.99360336,1.624205571
30_minutes,2,GHI_season,20,10,36.1,27.64712444,34.54658877,53.0449761,7.584461087,0.620032187,36.97009367,75.57217557,78.30797053,83.62662362,2.541388525,0.094242055,78.76273827,0.21789143,47.16668198,49.96977997,57.91134235,3.83598985,0.203334002,51.15263534,0.141510074,0.893994682,0.90704846,0.913431004,0.006122178,0.019744386,0.905878923,0.944520623,5.384946978,18.66428559,6.122015794,2.134405131,7.935046175
30_minutes,2,GHI_season,25,10,20.9,29.96911188,33.92169185,48.83208906,5.844050251,0.477198283,36.0033787,75.53200698,78.43930721,81.49033119,2.105045801,0.070693427,78.76359523,0.217893801,47.73889213,52.68265435,56.70543018,2.918537964,0.162510989,52.69166266,0.145767682,0.899341444,0.906729091,0.913523007,0.005024551,0.014643189,0.905904535,-7.240674193,1.855312502,19.98556943,9.557876416,7.227849084,3.541725988
30_minutes,2,GHI_season_d1,5,10,30.5,28.5730077,37.92190183,53.09034642,7.981812048,0.597620069,39.31984628,76.67724318,80.10983433,86.70536599,4.005489119,0.119477379,80.97346495,0.224054242,47.52209187,52.39456415,62.66597244,4.733815857,0.256171324,53.11155339,0.146960104,0.886017633,0.902651043,0.910858754,0.009884122,0.026588171,0.900370822,-4.292463422,9.381058625,21.25172526,7.762399639,2.696087269,8.646110936
30_minutes,2,GHI_season_d1,10,10,29.7,30.48157854,33.02250955,40.35834158,3.694672967,0.281707688,34.22601407,77.23622695,78.82655336,81.26806919,1.292718717,0.048632219,79.14285248,0.21897293,48.95333834,51.14713763,56.72825017,2.389584505,0.13527876,51.81633317,0.143365748,0.899883237,0.905808406,0.909570732,0.003114152,0.010226068,0.905028219,-11.14210734,4.878091653,13.92987148,8.489050495,8.919423184,2.650713509
30_minutes,2,GHI_season_d1,15,10,33,30.90678265,33.93287852,56.42731839,8.168734385,0.624826116,37.03301153,75.97388082,77.75347064,81.75087956,1.777830651,0.067649164,78.03421719,0.215905551,48.0287325,51.0566384,57.6460912,2.700247348,0.159262036,51.5845376,0.142724415,0.898690124,0.908354765,0.912502521,0.004244476,0.013884294,0.907649361,-7.457513368,1.658716311,14.46135125,6.184050925,9.776053714,2.015804639
30_minutes,2,GHI_season_d1,20,10,28.7,28.9869523,36.03664072,55.73039426,7.963851022,0.601865731,39.36516948,77.41572989,79.36388532,85.08207542,2.332835013,0.086486174,80.12145,0.221650208,50.01800382,52.74263033,59.60762944,3.382470667,0.168338404,53.88389588,0.149065909,0.890272703,0.904524477,0.909155852,0.005741968,0.018879459,0.90262054,-8.192744954,4.890971043,13.54185014,6.472715018,4.896647785,4.104387649
30_minutes,2,GHI_season_d1,25,10,28,30.92399135,34.43612091,48.49168409,5.725892559,0.429454382,36.97530743,76.54445049,77.72220805,86.68172349,3.193235811,0.115794963,78.90272807,0.218278702,47.60674755,51.30039866,64.92872553,5.272842807,0.294335219,52.97758073,0.146558653,0.886107899,0.908434689,0.911189166,0.007892127,0.024877779,0.905493369,-15.23395121,1.112160313,9.918353447,7.960671696,1471.173624,0.015998536
30_minutes,2,GHI_season_d1_d2,5,10,22.2,33.11217109,37.22047498,57.73567593,8.827330768,0.575817377,41.05225886,78.63997301,83.7791663,95.26097294,4.70876704,0.175226309,84.17479658,0.232912352,49.92022851,54.33111132,72.3304813,6.236945126,0.335312848,56.05988428,0.15511816,0.862413524,0.893581299,0.906236797,0.012408083,0.043339262,0.892271331,-10.97492051,14.24579691,18.04331435,10.770737,2.979531083,9.44557993
30_minutes,2,GHI_season_d1_d2,10,10,28.2,28.38593498,36.22265736,52.17574563,7.052421517,0.571191504,37.36784508,75.96400002,78.01666864,81.28611714,1.835709152,0.065423464,78.13722231,0.216190546,48.40188982,50.24668077,56.48959597,2.719471109,0.146630052,51.5042321,0.142502225,0.899838764,0.90773323,0.912525279,0.004372759,0.013425481,0.907402655,-10.14505958,3.859718893,20.37828235,8.552278495,5.524645209,4.947674155
30_minutes,2,GHI_season_d1_d2,15,10,28.2,28.42645376,37.46134046,57.20447347,8.11986306,0.659754834,38.58828406,76.66570874,79.18456736,100.5246372,7.589883591,0.262476562,82.04755093,0.227009667,47.46495732,52.17917745,71.86727792,7.199305212,0.394461822,54.97818645,0.152113983,0.846816516,0.904950754,0.910901739,0.020342073,0.063998643,0.897167567,-4.593736623,5.551309533,50.29403664,16.89463045,4.141088244,11.88813781
30_minutes,2,GHI_season_d1_d2,20,10,24.5,33.16237921,40.19370039,64.6086251,9.582467726,0.664057028,42.94578485,76.98295702,81.66597311,87.98921563,3.359311278,0.12138054,81.79340527,0.226275552,51.21178752,55.74620511,65.68061016,4.716965976,0.235555928,56.29328122,0.155731299,0.882646128,0.898885897,0.910168695,0.008377785,0.027574098,0.898437374,-14.3847808,1.088526822,18.70358992,10.64981138,17.28469787,1.815999685
30_minutes,2,GHI_season_d1_d2,25,10,37.1,29.84580431,40.47538569,50.5044843,6.453746545,0.474435144,40.53370052,78.63953058,81.98879235,91.41093757,4.350721902,0.148055443,83.07980998,0.229834298,53.04396097,55.39540339,60.68051975,2.827781252,0.129756907,56.54152102,0.156418037,0.87334135,0.898105716,0.906260992,0.01124165,0.035397071,0.895118206,-3.883754874,10.26189743,23.64138491,9.335391803,2.629283914,10.12772834
30_minutes,2,GHI_season_d1_d2_d3,5,10,22.4,32.74639744,37.62462941,70.89911478,12.40905381,0.827806662,42.2135215,76.22341845,81.42536593,96.74805327,6.789107685,0.23302813,82.88785832,0.229351384,47.95964676,53.71157008,75.97285229,9.232756396,0.467593975,57.03927618,0.157828145,0.858084383,0.899476613,0.91191082,0.017789845,0.05641912,0.895204677,-5.623396751,5.246742504,15.49810991,6.323909597,3.82579857,5.140370216
30_minutes,2,GHI_season_d1_d2_d3,10,10,25,32.30318968,46.20296273,69.07702419,12.80180286,0.750683123,47.06444065,78.30594275,83.45839666,112.3713633,10.71831553,0.3473284,87.36335353,0.241717462,48.64391105,59.04210679,89.37942111,12.47063915,0.593523775,61.23837928,0.169434723,0.808584009,0.894314731,0.907048509,0.030653415,0.098360553,0.882734754,-20.47193972,7.331247788,18.48760643,12.40525504,10.60765093,3.489579139
30_minutes,2,GHI_season_d1_d2_d3,15,10,18.7,32.79436834,45.30792764,83.31060897,16.14313267,0.948474569,47.95837871,76.54070646,90.26067194,112.0627271,12.42947633,0.375325637,91.79466792,0.25397805,50.27469072,63.44949835,90.49591037,14.41730242,0.580606969,66.46274992,0.183889544,0.809634042,0.876450996,0.911192049,0.03576782,0.113448801,0.870159648,-35.95738235,-3.64790344,24.09940051,21.27726976,-10.27359681,-5.650061054
30_minutes,2,GHI_season_d1_d2_d3,20,10,33.2,33.61662443,39.94858219,58.02534676,7.811956037,0.547484306,42.22048811,77.06736473,83.08999578,93.04042042,4.576092618,0.171238173,83.83000451,0.231909657,50.87796029,55.59493884,63.16354915,4.296577813,0.210903487,56.542572,0.156420944,0.868785492,0.895341409,0.909971597,0.011830829,0.041411141,0.893192768,-4.674713484,15.64083735,31.51173113,12.18779651,2.33710328,14.64709279
30_minutes,2,GHI_season_d1_d2_d3,25,10,34,33.18859662,41.85775583,52.14563687,6.08249024,0.42399993,41.96873884,78.94610359,82.34901423,96.76859313,5.604334337,0.190020104,84.53790934,0.233868024,51.31474923,57.03335321,69.42134396,5.69613381,0.282449972,57.77756157,0.159837454,0.858059156,0.897205162,0.905528692,0.014882778,0.047804444,0.891243319,-12.05396756,9.496957369,39.40001113,13.86071729,4.96920189,8.912744991
30_minutes,3,GHI,5,10,19.6,33.27030745,34.70474934,35.53295894,0.882916118,0.064106504,34.51357002,78.44207301,80.42488867,82.45943293,1.209230196,0.045838768,80.29310973,0.222171693,51.19012118,56.0415986,59.0879172,2.466630123,0.131587286,55.70355187,0.154132185,0.896907657,0.901932113,0.90670812,0.002946809,0.009945414,0.902233308,-15.67280084,-11.37471206,1.229231446,4.803278377,-1.555567258,-9.426251347
30_minutes,3,GHI,10,10,11.9,29.2323197,34.18873756,51.06788476,7.082474733,0.550275733,37.26268762,75.93692175,76.42413571,86.30654924,3.648253122,0.12296129,78.54454254,0.217317522,49.65820582,51.11684389,63.12185909,4.75546978,0.234760288,53.82390876,0.148920321,0.887084277,0.911462339,0.912587631,0.008928727,0.026138465,0.906299611,-5.702147869,3.233509617,5.979742805,3.423596121,4.875606315,2.142411403
30_minutes,3,GHI,15,10,25.1,28.73185937,30.46580166,47.88572265,7.192806721,0.53987689,34.11650543,76.28083561,77.59209696,82.76024919,2.433292697,0.081658115,78.61174019,0.217503445,49.96870609,51.7893854,60.26298367,3.79421428,0.18617094,53.48505803,0.147982787,0.896172955,0.908735424,0.911794067,0.005875891,0.017079334,0.906240331,-9.577923958,-2.846664366,4.805731848,5.108894073,-5.346042546,-2.575553718
30_minutes,3,GHI,20,10,29.1,27.42761189,34.69312915,44.49821106,5.71082963,0.467668297,34.85979006,76.16008495,77.89640788,86.50184728,3.192349376,0.116819734,78.93218521,0.218360193,48.8011018,52.08046683,61.60269625,3.937970926,0.220197582,53.32878295,0.147530229,0.886580091,0.908022205,0.912078848,0.007854077,0.025027263,0.905422972,-14.18115822,-0.741413137,7.297614335,6.76747539,-8.764899709,-2.307324315
30_minutes,3,GHI,25,10,14.4,29.35825993,32.74468907,55.26028721,8.712819762,0.656176976,36.67523954,76.51997846,78.50607058,90.30540499,4.214727028,0.151647092,80.20950077,0.221893794,49.84735609,53.27434524,63.66002974,4.470685355,0.228508586,54.78930401,0.151570655,0.876386467,0.906571024,0.911245944,0.010636737,0.033956515,0.902238457,-11.72042524,-1.7358213,21.29297717,9.457483175,-21.06315509,-1.364995329
30_minutes,3,GHI_d1,5,10,21.2,33.55317145,37.85723549,41.01081238,2.99412492,0.19457159,37.17788072,79.50335441,80.35313991,89.44852232,3.004771626,0.103805468,81.53154255,0.225598447,52.94181289,57.27315031,65.85862355,3.539050101,0.194036111,57.37896037,0.158768054,0.878691268,0.902106672,0.90416666,0.007692961,0.024030286,0.899091536,-19.80996658,-5.973661037,-4.098954445,5.774285804,-1.711438131,-8.820506456
30_minutes,3,GHI_d1,10,10,23.9,34.27514449,46.02047023,59.55457866,6.838709022,0.470382009,46.83825039,77.61933083,82.43917927,101.4817558,8.317395827,0.261969179,86.9287905,0.240515111,52.63033897,59.89535361,77.91226827,8.147842321,0.372594477,63.44891506,0.175550847,0.843885637,0.896976271,0.90867142,0.022744634,0.070054197,0.884506429,-24.08294262,-4.117455248,5.31240312,9.20956515,-4.366598737,-6.348110664
30_minutes,3,GHI_d1,15,10,18.2,31.79097541,45.34414838,54.29588133,6.849920003,0.448272159,45.01428095,77.66723494,80.8511839,96.88223003,6.243580745,0.205597055,84.00285324,0.232419609,52.84360479,57.37411594,70.28553921,5.99884385,0.269870985,59.90558137,0.16574713,0.857716294,0.900901079,0.908558655,0.016406656,0.050984101,0.89249989,-18.73227541,-7.237649187,8.787647862,9.743717243,-5.658301885,-4.661970159
30_minutes,3,GHI_d1,20,10,20.4,29.30097477,37.88286524,49.41975757,5.737592909,0.471746249,38.45803138,78.34483767,83.61154192,90.00658099,3.94584276,0.131216957,83.93033236,0.232187206,53.30759869,59.76347179,67.83404023,5.089986492,0.232746109,59.39988685,0.1643255,0.877203197,0.894012995,0.906962229,0.010060324,0.031452407,0.893010917,-25.70982711,-12.41061242,-4.211410876,6.729758764,-1.524818931,-13.07015036
30_minutes,3,GHI_d1,25,10,23.2,30.07087244,35.30544146,47.10533973,5.296395568,0.433952616,36.82153721,76.6308117,78.05964037,80.73469969,1.253187101,0.047979765,78.44859496,0.217022376,48.43031799,53.5930881,56.21323812,2.233638038,0.127603529,53.38029696,0.147672739,0.901199533,0.907638335,0.910988651,0.002990635,0.009897911,0.906694208,-13.04899319,0.48036136,3.809923708,6.24452425,-6.988583607,-2.296856164
30_minutes,3,GHI_d1_d2,5,10,29.7,28.83685391,33.31908244,40.82903921,3.940037997,0.338724497,33.60606222,76.20354782,78.93992665,84.97315172,2.531011468,0.097547022,79.44689164,0.219830201,50.11339153,54.92036086,58.87170497,2.773373348,0.151535681,54.80790361,0.151653919,0.890526457,0.905518736,0.911956742,0.00618145,0.020896181,0.904215319,-18.25827853,-9.865856314,0.230460889,5.405398562,-1.809908594,-9.431595667
30_minutes,3,GHI_d1_d2,10,10,23.7,30.12856237,38.72213803,41.80159222,3.337369798,0.261074142,38.27047505,77.97383737,81.70080557,84.69429347,2.063443216,0.074900025,81.44314128,0.225337383,53.10497738,57.97875661,62.19153103,2.711856199,0.142022907,57.9003096,0.160198932,0.891263534,0.89880432,0.907835275,0.005087387,0.016725043,0.89939333,-13.38075514,-10.45520646,0.164894892,4.602548976,-1.451123626,-8.890068082
30_minutes,3,GHI_d1_d2,15,10,27.8,32.91622667,41.82014436,56.68704865,6.005056863,0.460946111,42.76627887,77.83501203,80.76713623,85.9958538,2.658167427,0.094748558,81.38413703,0.225174129,51.88082741,57.17208544,64.09828997,3.432365641,0.188465974,57.80985414,0.159948659,0.887895785,0.901101547,0.908163165,0.006616156,0.021300409,0.899500658,-13.86055732,-0.891012842,11.26846001,8.006374851,-9.896866721,-2.331769387
30_minutes,3,GHI_d1_d2,20,10,22.4,31.82786027,38.8176465,56.50216147,8.34899423,0.57458953,40.44968602,76.25678026,78.19393167,84.37169237,2.493380106,0.091916555,78.77253467,0.217918531,48.91878645,53.02699049,61.30734955,4.076431927,0.214358609,54.03879015,0.149494412,0.892097365,0.907314326,0.911855451,0.006055307,0.019413781,0.905858827,-3.627236835,3.805389376,11.98904561,4.66488937,4.797127203,2.940319108
30_minutes,3,GHI_d1_d2,25,10,33.5,35.13134348,40.27621519,54.18444026,6.411515176,0.414094183,42.51934356,76.80579759,78.41145842,81.57343117,1.481211574,0.056340665,78.71172574,0.217750308,50.94691104,54.0604178,59.96082807,2.705670246,0.149575113,54.43697108,0.150595951,0.899136046,0.906803398,0.910581674,0.003551556,0.0117367,0.906058868,-7.860227224,4.626044218,14.5605839,6.883698946,4.602742053,4.459140402
30_minutes,3,GHI_d1_d2_d3,5,10,12.8,27.91986373,31.1310921,45.58401574,5.86208285,0.485002991,33.38594755,75.94400816,76.84012085,85.19261993,2.704546486,0.097681509,77.73972391,0.215106454,49.53104366,52.08758467,58.10227864,2.414408278,0.142990112,52.53767927,0.145372189,0.889960231,0.910479643,0.912555449,0.006625106,0.020378254,0.90827145,-13.49399957,-7.443214674,-0.644770212,4.263160097,-1.684377823,-7.289970727
30_minutes,3,GHI_d1_d2_d3,10,10,32.2,29.8172196,34.11366796,42.75930015,4.779118408,0.361006226,35.15197204,77.98270521,79.73588524,85.58081783,2.48228838,0.088617747,80.59143828,0.222980886,52.92529915,55.74221666,63.11499218,3.155016673,0.166609972,56.76188645,0.157049136,0.888975256,0.903621705,0.90781431,0.00615851,0.019625239,0.901459359,-22.30653366,-14.91765223,0.255604978,6.030892577,-1.455140612,-13.25884347
30_minutes,3,GHI_d1_d2_d3,15,10,36.2,31.94502362,36.8287155,47.94376853,4.875073302,0.384432037,37.49760783,76.49073816,79.42249597,81.29874264,1.621354256,0.057639656,79.44218499,0.219801125,50.23869268,55.72615362,58.41179646,2.404564254,0.13420685,55.38540337,0.153240674,0.899807648,0.904377508,0.911307965,0.003887887,0.012125256,0.904295567,-11.4826967,-4.330466056,5.835335251,5.202958982,-3.037114221,-5.034185767
30_minutes,3,GHI_d1_d2_d3,20,10,28.4,36.9277577,40.11612037,44.6852874,2.526496936,0.179513657,39.86440808,76.90753855,78.53762632,81.28414191,1.420115243,0.052756066,78.66600492,0.217623825,50.42346705,54.73033848,58.42711041,2.796215299,0.146062658,54.42046958,0.150550301,0.899850178,0.906503733,0.910344621,0.003404145,0.010977338,0.906170354,-3.953338984,2.564977126,9.807385282,5.09317373,4.797336174,2.859556418
30_minutes,3,GHI_d1_d2_d3,25,10,33.2,35.11062293,43.63021491,66.8746077,9.436015636,0.627668658,45.31664427,77.39130606,80.78548579,90.40283158,3.844982995,0.144668307,81.45304477,0.225333969,51.40024749,58.18956285,69.23158767,5.116943966,0.275106791,58.21694805,0.161052985,0.876119601,0.901075035,0.909213164,0.009771077,0.033180272,0.899231854,-7.394186714,-2.875943882,10.19042019,6.508657419,-29.79407523,-0.565428442
30_minutes,3,GHI_season,5,10,18,26.58794158,32.57806769,37.79177926,3.608994707,0.322478353,32.42400615,75.49790983,76.7944569,78.3839804,0.987235274,0.035696388,76.96267249,0.212956346,46.79418916,48.07454094,51.32072455,1.336610938,0.083286427,48.50321358,0.13420879,0.906846249,0.910584177,0.913579738,0.002305684,0.007045598,0.910180567,-2.480716426,5.926447107,14.7640217,5.553746424,2.403835681,6.740884451
30_minutes,3,GHI_season,10,10,24.6,29.89563671,33.66269937,40.27507138,3.843545424,0.299581098,34.13477589,75.50580469,77.31195315,83.10801623,2.570115123,0.092780353,78.1766257,0.216299567,47.57685983,50.09827527,58.86485055,4.216253527,0.21656178,51.44374831,0.142334878,0.895298538,0.909393321,0.913577347,0.006204048,0.019231592,0.907265143,-8.582938479,1.679532517,14.22445285,6.807733882,11.49293444,1.767764467
30_minutes,3,GHI_season,15,10,32.6,28.91927904,33.07878105,41.4591836,4.043042128,0.340561025,33.66792826,75.71666631,77.40927556,83.96506274,2.502699394,0.093331195,77.93626923,0.215634548,48.05407534,48.92260886,59.00517016,3.525826165,0.194479306,50.6463962,0.14012876,0.893127948,0.909164845,0.913093975,0.006047115,0.019339688,0.907838611,-10.53154159,5.655180265,10.57240773,5.982194776,4.629386846,3.991326024
30_minutes,3,GHI_season,20,10,27.3,29.24012633,32.09190094,36.55276506,2.988971084,0.215672333,32.71953124,75.60169013,77.7981902,81.16757589,2.080955521,0.070638111,77.87911758,0.215446958,46.57792888,50.95329858,55.18981289,2.844344445,0.163921016,50.79674173,0.14052552,0.900137213,0.908252387,0.913363372,0.00493777,0.014391741,0.90800599,-11.22684964,3.097003797,8.701055607,5.649209935,11.49259546,1.523923182
30_minutes,3,GHI_season,25,10,30.8,31.04779349,34.82676617,44.92862018,5.004192209,0.366475368,36.26676664,76.16743648,78.19499315,81.0979648,1.528185752,0.058355107,78.31747109,0.216659631,48.08207369,51.43976895,56.12919632,2.246399402,0.13783747,51.45035652,0.142333698,0.900308429,0.907317127,0.912061874,0.003637159,0.01199807,0.906995356,-9.963065138,6.637413462,19.36018776,9.063015714,3.643339885,7.350855849
30_minutes,3,GHI_season_d1,5,10,26.4,27.29994987,32.8620177,50.26480311,7.440524933,0.613919492,35.36247132,76.26066915,79.58774746,92.15730938,4.649489122,0.173363126,80.82087036,0.223632011,47.22022243,51.54246933,67.71612862,5.942789064,0.342095765,53.2363772,0.147305492,0.871232788,0.903959626,0.9118247,0.011890239,0.039552328,0.90066909,-1.868478888,8.530460811,17.61786793,6.328786453,2.332103705,7.772339045
30_minutes,3,GHI_season_d1,10,10,30.2,29.00402252,33.20903095,63.40960069,10.31534405,0.786240873,37.68774165,76.45201984,78.36722689,96.55379401,6.145040081,0.217200064,80.82663152,0.22363162,50.00594909,51.7940155,73.64630431,7.542351563,0.384702823,54.86578644,0.151802994,0.858679358,0.906902817,0.911397731,0.016116549,0.050818992,0.900452746,-7.757355603,0.00392799,17.94764008,8.3965788,26.62850396,0.913343497
30_minutes,3,GHI_season_d1,15,10,29.2,30.40373267,38.7133228,45.73883308,4.911608177,0.362813395,39.10004822,78.63063759,81.7557379,91.70709281,3.91341787,0.139308251,82.39328421,0.227966244,52.72416055,57.40598089,68.0894343,4.763111434,0.238640309,57.6018059,0.15937303,0.872510984,0.898665932,0.906276066,0.010071472,0.032884286,0.896882727,-12.53196051,-1.479795686,12.37019935,7.956809689,-19.13663003,-1.192542303
30_minutes,3,GHI_season_d1,20,10,27.1,31.33840637,37.1406647,45.98870111,5.639285632,0.377718788,37.76957044,76.91984703,81.02020719,88.43834988,3.975111806,0.137052601,81.82594089,0.226365559,48.76980418,56.59081959,65.20332903,5.653646848,0.275474659,56.52520105,0.156372889,0.881445023,0.900490762,0.910315921,0.009969102,0.03127991,0.898295067,-17.54692059,-2.274146503,5.392631426,8.553365368,-5.069897102,-4.404574974
30_minutes,3,GHI_season_d1,25,10,34.5,31.01380831,42.0503504,58.67309003,7.494466972,0.558523831,42.28060746,76.44403387,80.29228445,86.1634331,3.375293931,0.112972077,80.78837001,0.223495194,47.24726533,55.39003309,62.24973247,4.840916341,0.251918995,55.60781161,0.153834997,0.887465802,0.902267863,0.91142203,0.008324603,0.024964236,0.90091271,-10.50599762,4.161684786,13.22341208,6.51716561,7.503641953,2.751304102
30_minutes,3,GHI_season_d1_d2,5,10,21.6,35.87692029,42.68763827,64.22594005,10.43133826,0.582064018,47.14372384,78.96875663,88.66952165,107.1279777,9.290817673,0.304330847,90.04890358,0.249166055,50.84499585,65.24117095,80.31059842,9.427867207,0.433857061,65.71794865,0.181842103,0.825999084,0.880794685,0.905451135,0.026250471,0.087962979,0.875879481,-24.93514193,-5.802130503,28.66376711,16.23909648,-14.27331476,-3.364056266
30_minutes,3,GHI_season_d1_d2,10,10,29.7,30.56053933,41.74187422,56.58989356,7.296319896,0.559170925,41.61519318,75.89265955,83.47880329,87.32779985,3.751406073,0.130702124,82.07827954,0.227094687,48.96579231,58.9958381,64.49913868,5.041848454,0.254181528,57.21401618,0.158300091,0.884396242,0.894362086,0.912689503,0.009225471,0.029515469,0.897685039,-16.47446158,4.90689922,18.85981525,10.95699229,13.63643992,2.333832648
30_minutes,3,GHI_season_d1_d2,15,10,23.1,31.29960676,43.09841709,67.26850736,11.65400974,0.72831562,46.48825437,78.4874795,84.26901238,106.5752724,8.45549396,0.286893917,86.80390919,0.240169588,50.70415317,58.01944278,82.82267098,9.948622664,0.471100136,61.49508332,0.170144974,0.827821144,0.892351717,0.90661703,0.023629879,0.078242981,0.884803714,-16.13414188,-0.621288302,16.80394609,10.31493419,-105.8744634,-0.292638839
30_minutes,3,GHI_season_d1_d2,20,10,32.7,31.27045669,43.31357811,55.67181544,7.595300032,0.534027158,42.79127524,78.08149778,83.05492112,90.26140512,4.104452186,0.135806345,84.34164023,0.23332506,52.5311827,58.33741043,66.4994146,4.45056444,0.218351373,58.62340172,0.162177409,0.876506895,0.895438603,0.907586632,0.010531991,0.032828912,0.891944397,-21.11955234,4.083004869,26.17337798,12.62716815,10.62505812,3.855952359
30_minutes,3,GHI_season_d1_d2,25,10,25.1,32.83793099,41.37853937,54.29360712,6.856508818,0.455578173,43.02233683,79.81100111,85.94564832,102.7094095,6.518037149,0.22701166,87.24709387,0.241362788,53.1580381,60.28079349,76.63450117,6.406812071,0.329251161,60.98655033,0.16871489,0.840096123,0.88797548,0.903447384,0.018058489,0.061685018,0.884037779,-21.70257287,6.67786792,24.81694924,14.78185622,11.94010547,3.663219641
30_minutes,3,GHI_season_d1_d2_d3,5,10,19.3,35.67696463,44.98907355,72.1123424,13.54164058,0.683705808,51.6849693,78.75346232,98.79795017,119.8097878,13.04225926,0.38694891,98.90069454,0.273659033,50.94941307,75.41763341,92.99005378,13.206884,0.535740693,73.38202555,0.203048667,0.782364209,0.852006093,0.905965973,0.039388811,0.135722929,0.849377789,-63.15349374,-4.009555353,59.70948352,41.87657798,-15.37446909,-7.805167712
30_minutes,3,GHI_season_d1_d2_d3,10,10,20.6,38.04297388,51.94750511,71.13860454,10.62392338,0.608839352,51.97206809,80.64404087,96.7180533,114.4249724,11.2805777,0.341104219,95.34072905,0.263789314,56.0573418,73.28985615,90.0300666,11.74117395,0.459272736,71.06405124,0.196620453,0.801523749,0.858198001,0.901414855,0.033136614,0.111332362,0.860471958,-45.32154604,-1.767888315,22.74175106,21.6070556,-6.589577293,-9.395666151
30_minutes,3,GHI_season_d1_d2_d3,15,10,24,33.72647031,52.48678853,89.3835853,18.36245166,0.96775764,55.23145734,80.35207185,87.27051337,107.5849044,9.377625917,0.291176172,89.91625951,0.248780858,56.19083206,60.25940654,83.22301616,10.11824346,0.412016933,64.25909568,0.17779246,0.824543447,0.884471948,0.902127412,0.026858251,0.085084579,0.876241754,-9.757458223,7.914327121,41.36795793,16.00721147,4.022714463,11.72073253
30_minutes,3,GHI_season_d1_d2_d3,20,10,28.3,35.56344677,43.30297042,61.96389697,9.440783609,0.548775935,45.74674295,80.44956619,83.19041258,94.13053923,5.363809619,0.158049388,85.35835473,0.236137727,53.54778822,57.3832013,72.92362841,6.57579816,0.303364419,59.70295137,0.165163906,0.865692699,0.89508008,0.901896175,0.014187716,0.040110628,0.889166442,-32.46196585,1.19281817,31.82805215,18.2725179,-169.2413839,-0.338468553
30_minutes,3,GHI_season_d1_d2_d3,25,10,36.3,35.84771814,46.08051993,59.75189112,7.323677443,0.470560515,46.61153685,79.54081242,83.26443062,92.27364184,4.070877985,0.138481215,84.33333965,0.233302097,54.38472689,57.40195911,70.33379554,4.97651829,0.238052202,59.8247227,0.165500777,0.870939349,0.894897917,0.904100007,0.010584933,0.034021764,0.891969364,-22.07491062,-0.49939207,12.23304461,10.43118791,-11.69667085,-2.626059912
30_minutes,4,GHI,5,10,16.7,33.3816879,34.59885653,35.37677464,0.707176184,0.056573388,34.49642822,78.15079409,79.01958721,81.09002728,1.010793398,0.036007692,79.31540557,0.219466378,50.79586564,53.49810632,56.67786815,1.784370993,0.102442221,53.64154381,0.148426592,0.900303339,0.905329119,0.907399675,0.002440154,0.007619651,0.904605289,-13.01231268,-5.658048331,4.062132259,4.739766281,-2.812039679,-5.431487717
30_minutes,4,GHI,10,10,16.8,30.68035003,36.74039815,47.99695566,5.361649397,0.422153258,36.29484735,75.98773139,77.91328774,87.9346587,3.508211577,0.127425929,78.46379741,0.217094116,50.12031393,52.98372871,65.34721371,4.525312084,0.24046343,53.43803774,0.147852691,0.882783951,0.907978283,0.912470616,0.008734208,0.027302946,0.906505463,-9.715520539,1.257642257,7.916419934,4.433001077,21.05463499,0.690240712
30_minutes,4,GHI,15,10,33,28.54188025,29.80203882,40.03357313,4.241502602,0.351446001,31.7821741,76.79595305,77.7182638,79.0318846,0.688141655,0.026204626,77.81970878,0.215312047,50.92221636,52.14913157,54.78991517,1.248080401,0.069242462,52.40870855,0.145004736,0.905317091,0.90843838,0.910598751,0.001625592,0.005303162,0.908192813,-8.008266017,-3.331678236,4.8445354,4.775543187,-4.910853707,-2.545893423
30_minutes,4,GHI,20,10,27.8,29.78093205,34.17359165,43.89129212,4.813111695,0.382937286,35.05939779,76.40418257,78.14870744,90.05718264,4.270992695,0.153702514,79.73118355,0.220570564,50.00437575,53.69676797,65.7452799,4.708142729,0.255222232,54.42068487,0.150550897,0.877065086,0.907427337,0.91151436,0.010750934,0.034066294,0.903391558,-28.09800738,-2.397073907,3.820919423,9.322442338,-6.102214543,-4.56057383
30_minutes,4,GHI,25,10,21.8,27.16723093,32.23031025,60.15825109,9.458519831,0.785470637,34.60153237,76.27840801,78.05095338,91.72952469,4.547590072,0.162960544,79.31356052,0.21941524,48.28005341,52.00596793,68.9522916,5.782227012,0.326302054,53.75009379,0.148695755,0.872456945,0.907658085,0.911805446,0.011618356,0.036219713,0.90436508,-6.15029017,-3.18472125,0.886261318,2.40464178,-2.276858584,-2.998215478
30_minutes,4,GHI_d1,5,10,26.4,29.85732139,32.11596512,35.34738568,1.551411465,0.153253491,32.15694275,75.94780244,77.50991184,81.11044659,1.598757845,0.060692496,77.6315746,0.214807204,49.09055349,52.13219071,56.99983705,2.359108879,0.137297238,52.42193244,0.145051917,0.900253123,0.908911847,0.912546711,0.003799931,0.012327056,0.908591148,-18.09748903,-7.135913243,-1.795343734,5.832356956,-1.878784343,-8.401042058
30_minutes,4,GHI_d1,10,10,19.2,40.62446962,50.17727389,57.62288431,4.435384238,0.292933181,49.78313976,82.76019528,88.58969346,99.64379845,5.460885795,0.174948424,89.38436019,0.247309196,59.82036613,65.19449819,77.0682901,6.05828551,0.247363519,66.12137184,0.182945017,0.849489269,0.881000871,0.89617309,0.015071734,0.049164334,0.878480365,-34.898795,-8.645951851,2.35763476,12.28190584,-2.980658939,-11.38630345
30_minutes,4,GHI_d1,15,10,30.7,31.57940232,38.64414777,65.35964512,9.311073087,0.685163266,40.80583802,77.92112962,82.67300825,105.4881552,7.84707979,0.270309545,84.821092,0.234683517,53.71646002,58.60180361,81.94180508,8.272889236,0.395600136,60.6960106,0.167934094,0.831315837,0.896388225,0.907959834,0.021959354,0.07117834,0.890097615,-20.01257215,-11.24478581,0.306080122,7.177451718,-2.165014143,-8.951112277
30_minutes,4,GHI_d1,20,10,25.3,33.00926696,43.42141089,61.86186798,9.873147522,0.622874148,44.81801455,76.31437332,81.78185904,89.11341672,3.28807543,0.134251391,82.28397899,0.227632689,49.8761926,59.00032177,68.13835635,4.561990415,0.260293623,59.07091859,0.163415433,0.87962821,0.89861989,0.911722258,0.008268932,0.030875145,0.897223745,-20.22274853,-2.154489653,8.386715921,8.773587004,-10.45297098,-2.560778753
30_minutes,4,GHI_d1,25,10,36.2,29.17093216,38.62824926,50.07689123,5.807360517,0.482115392,38.47274966,77.02622578,78.76658599,81.86343389,1.707458618,0.059472908,78.8646337,0.218173317,51.07654782,53.5871836,56.81933858,1.912826633,0.103605081,53.72844898,0.148635876,0.898417606,0.905953989,0.910067686,0.004105254,0.012463512,0.905683802,-6.693117475,1.353529983,15.22385855,7.761899847,8.270208284,2.550074048
30_minutes,4,GHI_d1_d2,5,10,18,28.08820008,34.20172847,38.85354069,3.424043272,0.286933132,34.08425647,75.8431085,76.8147119,78.219247,0.780762392,0.028867505,76.96014066,0.21294934,49.10848358,50.93070152,53.66386992,1.287482617,0.078540821,51.20781903,0.141692455,0.907237385,0.910537603,0.912787654,0.001824736,0.005703143,0.910191457,-10.37956071,-5.725440579,4.081456706,5.784735469,-4.000323663,-3.575040497
30_minutes,4,GHI_d1_d2,10,10,28.8,30.82770501,34.07552204,56.76206466,7.642474239,0.605485131,36.31593519,78.29644886,79.97139622,86.18715479,2.159755621,0.081328601,80.67071653,0.223200233,53.55578706,56.2757784,66.10394975,3.54516247,0.190327567,57.04753898,0.157839481,0.88739647,0.903050957,0.907071047,0.00540073,0.018126037,0.901285986,-18.26197908,-13.05200866,-5.059983006,4.130476001,-0.990965467,-12.41856849
30_minutes,4,GHI_d1_d2,15,10,29,29.83866246,40.10974616,51.73070577,6.235350982,0.480792878,40.34840882,75.97661661,78.7192332,82.06575676,1.534483878,0.065191,78.85221538,0.218168793,48.71282858,54.69228627,56.98797432,2.437463151,0.139454273,54.04388388,0.149528949,0.897908197,0.906064101,0.91249622,0.0036794,0.013595418,0.905714977,-9.877342204,2.762182139,7.252872415,5.854623245,16.3483859,0.96520865
30_minutes,4,GHI_d1_d2,20,10,24.4,33.97124999,39.51897867,47.47462284,4.395580194,0.31720437,39.85559788,77.26783816,78.79701188,83.04997358,1.757824325,0.063931899,79.40076389,0.219656482,52.40418628,54.90096609,59.99226645,2.677435238,0.126168653,55.66343284,0.153988869,0.895451567,0.905884235,0.90950261,0.004266905,0.013624259,0.904395261,-17.79993228,-1.022738539,7.973363915,7.373834264,-13.88128296,-1.66552676
30_minutes,4,GHI_d1_d2,25,10,26.9,32.12714804,49.87975917,57.69148719,8.923082889,0.509072619,47.52740543,78.9044574,82.84738744,92.65725822,4.265958296,0.151603105,83.67768976,0.231488289,55.0368925,60.17616609,71.21004741,5.103944223,0.246907948,60.80100827,0.168201601,0.86986401,0.895943278,0.905628338,0.011049949,0.036763781,0.893616915,-17.39116719,-7.024262861,7.541650661,8.24667312,-4.382686252,-5.379860738
30_minutes,4,GHI_d1_d2_d3,5,10,17.6,34.57466362,51.04052353,198.8599959,58.22978788,2.075225422,75.50362457,78.04128007,88.97244112,262.3183497,63.86902172,1.455611139,117.8675434,0.326140459,50.77397753,62.47619118,221.5582198,59.8854253,1.781334709,90.14368988,0.249428329,-0.043285242,0.879965533,0.907659018,0.321387389,1.174839089,0.733699955,-53.54622391,1.859360671,27.17720391,26.0409824,-11.1740133,-6.80407653
30_minutes,4,GHI_d1_d2_d3,10,10,17.2,33.5033525,38.10329466,45.23200002,3.762448284,0.28242285,38.45798778,78.30726641,81.1760329,85.48182346,2.375672363,0.084447291,81.44054006,0.225330186,52.66804843,55.20385583,61.08033665,3.042927917,0.146181991,55.99533612,0.154928239,0.88923196,0.90010656,0.907045367,0.005892274,0.018968847,0.899380843,-11.63964757,-5.907060471,4.679667792,4.463386623,-2.920774772,-4.861523868
30_minutes,4,GHI_d1_d2_d3,15,10,11.9,43.92879928,202.105884,209.5488935,66.65188785,0.957239878,171.487493,80.85894097,260.2510211,262.6664342,74.31739438,0.814753122,222.3212514,0.615119802,55.85554199,221.051629,221.6201728,68.34142541,0.884868648,186.5444657,0.516132372,-0.045866066,-0.026719475,0.900888736,0.386147025,5.387823916,0.175395107,-55.43253563,-43.24127372,-0.103697595,21.36141725,-1.591274378,-34.18400848
30_minutes,4,GHI_d1_d2_d3,20,10,16.8,37.69772589,85.79669137,294.734125,96.31212108,1.906791535,124.522585,79.13967054,130.2268959,271.3528123,90.48840066,1.161515752,163.3044539,0.451769984,54.11339689,103.8471007,238.1674913,84.2567081,1.352010123,133.2295996,0.368570071,-0.116110473,0.709023775,0.905064858,0.471395771,2.067585245,0.48406085,-42.33600875,-8.311017585,87.43782052,38.7030238,-12.73022419,-8.723057297
30_minutes,4,GHI_d1_d2_d3,25,10,32,41.50830928,56.54923821,71.59375521,9.168018521,0.493120492,56.83621472,80.48836327,86.4442233,92.83308915,3.483007652,0.129059237,86.77309081,0.240051493,55.90280954,64.7907916,71.27415774,4.07679008,0.209171301,64.67036588,0.178905899,0.869369637,0.886731152,0.90180153,0.009213147,0.033308858,0.885702178,-8.829071454,-4.054761811,12.84089964,7.456169321,-24.2142416,-0.847454096
30_minutes,4,GHI_season,5,10,30.3,28.19778993,29.78064848,35.91440106,3.015633677,0.239720735,30.95410921,75.13128636,76.71697521,77.81315048,0.712712647,0.029994764,76.72632088,0.212302359,45.70233499,48.45145228,49.91352962,1.252539254,0.076845016,48.56470051,0.134378925,0.908198089,0.910766348,0.914417027,0.001652208,0.005862493,0.910737675,-1.350583038,5.394118539,8.24250163,3.080107534,1.918599487,4.699352032
30_minutes,4,GHI_season,10,10,24.2,31.35796926,34.16262703,45.32653974,5.066040163,0.369487438,36.41239166,76.64893885,77.93821446,83.20534844,2.161637142,0.07775295,78.60370985,0.217481226,48.78098209,50.54742242,58.11316899,3.331995048,0.172234509,52.02858158,0.143952999,0.895053151,0.907918427,0.910940714,0.005237238,0.016323973,0.906276499,-11.0292175,2.521522104,9.937467654,7.085558289,10.77947061,1.878010988
30_minutes,4,GHI_season,15,10,30,29.39921841,31.28130485,43.72033189,5.560113844,0.422636791,33.73378908,76.73455718,78.01981311,79.99881714,1.117149156,0.039155073,78.00520069,0.215825268,47.34291371,50.44202976,54.40568065,2.297681522,0.13307561,50.7211193,0.140335504,0.902986081,0.907725833,0.910741641,0.002647616,0.007986175,0.907744091,-8.41349178,10.5769936,14.60883188,8.636112872,3.500596878,6.297908865
30_minutes,4,GHI_season,20,10,28.7,28.13702329,34.56204469,49.35975765,7.154700509,0.562695192,35.99814444,76.07235566,76.86849399,81.10372232,1.588459791,0.058015815,77.53092534,0.214483709,47.19137768,50.25340645,57.26158356,2.751140926,0.17243754,50.84541276,0.140660164,0.900294273,0.910435496,0.912281285,0.003776547,0.011771518,0.908850875,-9.831489762,3.819898222,9.759853669,5.441504988,6.681253332,2.561792406
30_minutes,4,GHI_season,25,10,25.3,29.4837817,34.96230986,36.72482823,2.126453819,0.188931222,34.36022989,75.8757478,77.95137682,82.74351898,2.034260618,0.076969237,78.56283987,0.217338426,48.639444,50.82963137,56.15625574,2.371398151,0.135273701,51.56543693,0.142652059,0.896221712,0.907893949,0.912734115,0.004887532,0.016020757,0.906387281,-6.538414119,4.370481221,20.57042201,10.39975764,4.503952141,5.877599764
30_minutes,4,GHI_season_d1,5,10,30.5,29.06836381,32.74997346,46.51412518,6.243501935,0.489994598,34.97643348,76.64228123,78.94217817,101.0222034,7.272303105,0.250575695,81.3239796,0.225024119,46.92372975,50.64064406,76.14660164,8.542149077,0.459786616,53.26665795,0.147389279,0.845268265,0.905510877,0.910940025,0.01963797,0.060620055,0.899005581,-26.71858472,5.915931163,18.28401791,11.83669609,9.74712935,3.822683425
30_minutes,4,GHI_season_d1,10,10,29.3,29.96080644,36.45965128,80.93712579,16.01109126,1.056712464,43.36538117,77.10436309,81.64294651,109.3953996,11.42287229,0.345588098,87.68697996,0.242612874,50.68594442,56.89900683,86.49619331,13.14496446,0.539828336,62.58747943,0.173167422,0.818588408,0.898945977,0.909879245,0.031926072,0.096574123,0.881663163,-26.12107883,-3.556589592,25.94947856,17.04337156,-35.55922201,-1.39102476
30_minutes,4,GHI_season_d1,15,10,27.3,31.53729845,36.71681542,60.39897863,8.556599622,0.649924211,39.52043483,78.93948241,81.32468418,90.68506122,3.980624282,0.134327992,83.13277569,0.230012274,53.02835456,56.18811772,67.81774121,5.018322132,0.244781343,57.64645921,0.159496577,0.875336758,0.899743416,0.905538364,0.010241691,0.032057002,0.895019965,-19.87267754,-2.431593559,6.876430476,8.483561388,-7.94525879,-3.099474763
30_minutes,4,GHI_season_d1,20,10,33,31.08136462,37.90541305,47.77681464,4.849111408,0.385723625,38.57989973,78.59262154,81.12166869,88.35330028,2.791212507,0.105729401,81.89364947,0.22655287,51.14984759,55.75742947,64.92221499,4.196256142,0.22079134,56.67718885,0.156793352,0.881672938,0.900250115,0.90637279,0.007063253,0.024322669,0.898236321,-14.48920446,2.692052096,9.177450613,7.931753533,132.6762668,0.168497321
30_minutes,4,GHI_season_d1,25,10,34.8,30.13231614,36.86487415,46.2787365,4.703088518,0.397247452,37.27010318,76.30136735,79.71351655,90.85047698,3.951456229,0.152700873,80.83143536,0.223614332,49.18531524,53.18228731,63.38770474,4.456427484,0.242884089,53.86366975,0.149009955,0.874889732,0.903683043,0.911752346,0.010069844,0.034617349,0.900749619,-7.207934716,9.605723677,28.25049251,10.26277737,4.054656115,7.7500834
30_minutes,4,GHI_season_d1_d2,5,10,15.2,48.72138422,64.07936492,91.55171698,14.18340641,0.609233081,65.65282464,92.45418735,98.64176925,123.0831594,8.941172518,0.262118495,100.6162995,0.278406126,64.27305311,69.95280543,94.02079095,8.936509639,0.364213537,72.64629036,0.201012881,0.770309522,0.852473216,0.870401823,0.029253632,0.10123187,0.845418301,5.31058613,23.24761913,73.68284393,20.65097701,2.298948415,26.93030532
30_minutes,4,GHI_season_d1_d2,10,10,27.9,35.42969709,39.99974621,62.31422777,11.24751392,0.572146099,46.2911868,78.11545197,86.93806055,110.406259,9.761968016,0.322176251,89.32923268,0.247156669,49.65302808,60.59541161,82.71490668,10.55330205,0.477702696,63.6180869,0.176018913,0.81522028,0.885424188,0.907500195,0.027854423,0.093044151,0.87773644,-13.1153324,3.842409931,15.04793613,11.58662831,30.47295502,0.901581425
30_minutes,4,GHI_season_d1_d2,15,10,20.7,29.91789689,53.42414065,81.80805764,18.72698262,0.892918259,55.67513203,77.19570071,89.4056079,109.9583826,11.9347992,0.330691619,94.11145091,0.260388139,50.59205561,65.47348641,87.78674251,13.0311385,0.516975211,68.48723439,0.1894909,0.816716402,0.878829107,0.909665604,0.034680327,0.102925802,0.86379509,-16.70264275,0.609906167,53.54989207,22.24305667,8.579244496,7.46295074
30_minutes,4,GHI_season_d1_d2,20,10,34.2,33.09117336,42.87497857,48.9175289,5.202346424,0.34924528,42.53200664,78.69571852,84.08538285,86.53125403,2.848786527,0.089187698,83.42962748,0.230802043,53.03114875,58.62652554,63.20909443,3.486874037,0.164010472,58.42880124,0.161639061,0.886502963,0.892804962,0.906126991,0.007163716,0.020864006,0.894382805,-11.27008611,-3.200242815,12.88340329,7.815237437,-22.21505163,-1.025764141
30_minutes,4,GHI_season_d1_d2,25,10,27.8,36.59568162,45.24481357,57.13164847,7.965006645,0.426441122,46.55537439,79.13137937,84.53961311,92.88571184,4.883057693,0.156611285,85.62598104,0.236878096,52.04892131,57.91820868,68.21745454,5.307507593,0.2554322,59.19719229,0.16376476,0.869221499,0.891667429,0.905084749,0.012775842,0.039360889,0.888540023,-14.85326405,3.275815621,27.20835256,11.60347996,9.526361402,3.945180155
30_minutes,4,GHI_season_d1_d2_d3,5,10,20.7,63.27425462,102.2875775,117.5213461,14.99239806,0.474493625,98.864577,116.8993852,134.6353548,145.4362337,9.669574566,0.198159081,134.7822742,0.372943658,89.30257023,105.4873683,114.0150915,7.990831638,0.221593711,104.7360813,0.289805596,0.679305908,0.725159809,0.792809339,0.038913673,0.147578827,0.723294115,-2.080615431,60.43018009,71.45433863,26.27221202,1.402947377,50.70441072
30_minutes,4,GHI_season_d1_d2_d3,10,10,23.7,37.27327856,46.77191825,68.40803306,9.62393225,0.567770432,48.98457745,89.33243393,98.13566915,128.2713375,11.36909351,0.338048495,100.4588711,0.277950221,59.46296091,71.23422729,101.9095202,11.97350729,0.502238854,72.87043047,0.201618354,0.750582937,0.85393178,0.879027892,0.037440895,0.131059808,0.845253442,-41.54211231,-3.924107393,6.987247857,17.09684937,-4.42260184,-10.1843034
30_minutes,4,GHI_season_d1_d2_d3,15,10,29.8,44.6637923,91.24918355,207.1612422,66.11698633,1.458342743,110.4408662,89.40934454,130.942107,260.5910153,72.29950456,1.0687092,159.2685341,0.440665157,59.23155504,104.6453037,221.3109733,67.1761382,1.25928652,127.8243152,0.353665099,-0.029403858,0.740036479,0.878819501,0.395293401,1.661096914,0.544158098,-52.96180766,-8.76707897,30.96720858,31.69809651,-6.52134417,-12.23153436
30_minutes,4,GHI_season_d1_d2_d3,20,10,26.1,49.16561245,75.01216418,136.7623533,26.10131096,0.995666636,77.22158625,94.6938393,109.6794741,196.6935718,29.19904018,0.710236902,121.2494527,0.335427859,65.93275968,83.07490016,160.3340421,26.58998063,0.871540063,91.9888552,0.254480528,0.413566377,0.817655671,0.864080434,0.130976595,0.489504512,0.765526428,-46.16715854,7.870086982,57.01798855,33.56708451,8.973656573,10.84705467
30_minutes,4,GHI_season_d1_d2_d3,25,10,22.9,61.52178155,74.51877555,134.4702797,21.06510306,0.77710312,80.51176348,98.47571941,117.2603038,166.3481313,26.09734844,0.53881242,124.9809356,0.345750737,73.69881932,91.58974542,131.3062729,20.69974427,0.585916504,95.8070628,0.265043324,0.580555617,0.791385716,0.853006932,0.104702999,0.358549112,0.753939085,-53.9846127,2.961068812,63.19202956,37.35039007,9.682820377,10.88260397
30_minutes,5,GHI,5,10,18.3,31.94797738,34.85475093,37.43432793,2.376922182,0.153623016,34.64857281,79.35282479,80.21109672,82.99424966,1.122117628,0.039979805,80.75773591,0.223457318,51.21928227,55.68987024,60.17070667,3.490692523,0.154487265,55.53437287,0.153664065,0.895566045,0.902452812,0.904529213,0.002762733,0.008816541,0.901101559,-15.23871377,-9.351115077,-2.290384954,4.72536472,-1.38485387,-8.902374872
30_minutes,5,GHI,10,10,10.3,29.25888884,33.01129656,49.40392165,7.131985492,0.538145648,35.98617043,75.78062606,76.6913481,90.08542561,5.531958909,0.177598519,79.34109848,0.219521438,48.81014177,50.70828996,64.13579113,5.876264325,0.284968295,53.4630027,0.147921764,0.876979926,0.910842075,0.91294709,0.013927109,0.039151562,0.904157234,-6.928190861,3.529617349,7.672445994,4.190358233,4.917105474,2.599051193
30_minutes,5,GHI,15,10,29.3,29.1394357,29.69138021,53.9031691,9.858536892,0.678028518,35.58949074,77.16861891,78.69800313,95.48133691,5.571590934,0.193483291,80.91064347,0.223864065,50.64322541,53.45221636,72.94271396,6.696234719,0.345845999,56.04577166,0.155067785,0.861801319,0.906112315,0.909728976,0.014562561,0.045231614,0.900338435,-14.03715758,-6.659208303,4.293477477,6.255876801,-3.591877791,-4.869981279
30_minutes,5,GHI,20,10,32.4,27.97313348,34.12261213,52.75552752,7.538087854,0.610642993,36.54263434,76.54128261,77.82103282,100.5402078,7.365016369,0.249776491,81.53187446,0.225552046,49.91672404,52.9681277,76.02033992,7.97444318,0.399927651,56.6767679,0.156792188,0.846779073,0.908199685,0.911196517,0.019690822,0.060388677,0.898498793,-32.60863192,-2.957058055,3.56359053,10.87746578,-4.90746475,-6.556041189
30_minutes,5,GHI,25,10,29.6,29.90960887,31.98244759,43.36270107,4.054696252,0.344955395,32.89045219,75.57529223,77.71939054,81.44147881,1.895033577,0.070437403,77.92647682,0.215577973,47.31186649,51.8454875,56.70679626,2.765271745,0.162166135,51.72242807,0.143086364,0.899462095,0.908437771,0.913423864,0.004504482,0.01437717,0.907904227,-8.612312371,-4.289120483,21.42203517,8.799978845,-25.99554951,-1.003151171
30_minutes,5,GHI_d1,5,10,32.2,29.10039206,31.21063272,35.38619767,1.772254853,0.173115559,31.1505886,76.43391919,77.37315938,78.65348887,0.717347084,0.026792634,77.39542098,0.214153765,49.7889819,52.31069136,55.09284684,1.644104734,0.092054441,52.03304849,0.143975872,0.906204565,0.909233322,0.91142361,0.001685016,0.005359612,0.909174075,-13.3686255,-9.975273342,-0.602862427,3.758282366,-1.262541265,-8.925709179
30_minutes,5,GHI_d1,10,10,24.8,31.34638143,38.75153622,50.05142438,5.783573281,0.437833104,39.25968189,78.90077367,84.52379133,99.48591884,6.640264599,0.219047852,85.71722713,0.23716295,53.76355623,61.19955228,75.71296247,7.152477938,0.325055372,62.03747045,0.171645654,0.849965842,0.891696147,0.905630981,0.017797267,0.056808453,0.888019482,-24.96309808,-16.95622599,3.905652258,9.094142993,-1.872010586,-13.7612165
30_minutes,5,GHI_d1,15,10,22.8,33.91715479,38.92169813,44.36707683,3.963793878,0.258063116,39.30826256,78.63476921,80.85428507,86.68881724,2.592628102,0.093259492,81.70934926,0.226073929,54.61899337,56.79360253,64.43687094,3.032284095,0.155062434,57.62228756,0.159429699,0.886081811,0.900900144,0.906266216,0.006522866,0.021256825,0.898701327,-19.66594009,-9.960663843,-0.967653249,6.385613248,-1.949079933,-9.475220047
30_minutes,5,GHI_d1,20,10,33.6,32.42713724,39.87589515,47.46347482,4.930329281,0.342355449,40.67957949,77.2934916,79.30550014,80.98888074,1.279985815,0.044313911,79.24364269,0.219221818,51.01377668,54.43778375,58.75917375,2.495470678,0.131179195,54.4875673,0.150735922,0.900576437,0.904665524,0.909442509,0.003074344,0.009316533,0.904792895,-12.22483031,3.672638432,6.376166011,6.351422197,24.91483919,0.703165881
30_minutes,5,GHI_d1,25,10,30.2,32.85241557,36.7055178,51.22360908,5.617722697,0.418825508,38.93506115,76.75443725,79.75066337,84.86503087,2.460171058,0.095625293,80.1758896,0.221800812,49.15674147,55.08958882,61.33033763,3.777850759,0.20711952,54.30224512,0.150223242,0.890831818,0.903593051,0.910701223,0.006031104,0.020791642,0.902479938,-6.193397713,4.436433455,18.55023007,7.750185233,5.321055181,4.23963714
30_minutes,5,GHI_d1_d2,5,10,29.3,34.78074186,41.00742741,56.34481599,6.373107587,0.462169164,42.47416343,78.64630044,83.59688578,98.91326404,5.471605303,0.201952856,84.99037291,0.235169059,52.31571179,57.01543397,74.10059092,6.134989836,0.316060295,59.19484615,0.163792625,0.851661191,0.894043857,0.906221708,0.014849688,0.051709116,0.890073555,-10.98723037,-1.346038902,13.31281459,6.988198099,-48.53431787,-0.441692777
30_minutes,5,GHI_d1_d2,10,10,10.1,37.90138975,44.13192273,71.18824778,11.13106591,0.61475229,49.12483394,82.47504812,87.77988907,90.5878038,3.184251423,0.092525569,86.72773031,0.239958816,56.24138227,63.79150145,69.7098157,4.825753148,0.20373384,63.6734622,0.176172126,0.875604011,0.883191829,0.896887321,0.008339328,0.023761795,0.885841184,-19.50437451,-9.068586638,15.43414679,10.2782534,-3.841306903,-7.953346781
30_minutes,5,GHI_d1_d2,15,10,28.7,38.27368766,47.56203973,210.6403913,77.0176419,1.714324257,100.0156847,79.88827713,82.07241978,262.6814674,85.24341839,1.252429016,145.0990512,0.401460945,54.07903398,56.90268217,221.5686412,79.08980309,1.454922899,114.8821584,0.31785666,-0.045985786,0.897889641,0.903253998,0.436150464,1.619261024,0.581713167,-63.34897577,-6.307476493,10.6904058,26.76512052,-3.805408689,-18.67672392
30_minutes,5,GHI_d1_d2,20,10,32.8,42.03009446,49.29240089,147.7145521,31.82500351,1.453655222,59.99062135,78.8123992,81.11046927,175.7143504,29.78229392,0.84849717,91.56226793,0.253300405,52.78984108,57.64556325,141.7736901,26.83911505,1.088085544,66.5274413,0.184043364,0.531992307,0.900277135,0.905848417,0.11590555,0.344390607,0.860821304,-2.387672758,2.508212302,50.80721826,15.61905132,5.639049534,7.78786713
30_minutes,5,GHI_d1_d2,25,10,22.3,40.02102425,53.5431593,60.50790195,6.51044489,0.36938451,52.0661711,82.5245406,87.1326561,89.29657989,2.51010135,0.075694107,86.06524626,0.238093292,58.99019051,65.46134125,68.03610062,3.312777263,0.13236837,63.85410133,0.176647762,0.879132878,0.884919584,0.896770277,0.006524371,0.01910447,0.887636178,-25.32756234,-9.56827455,7.072801002,9.629328052,-3.500343254,-8.541253797
30_minutes,5,GHI_d1_d2_d3,5,10,27.2,216.032477,221.370429,222.474941,2.68244118,0.02864766,219.92668,257.401945,257.519581,258.242727,0.35849383,0.00320492,257.718938,0.71311042,221.736186,222.08721,222.178249,0.17940947,0.00193752,221.994399,0.61426032,-0.0111182,-0.0054633,-0.0045449,0.00280311,-0.9195673,-0.0070224,-27.079711,-18.981112,-17.313753,4.06840375,-0.4511317,-21.172497
30_minutes,5,GHI_d1_d2_d3,10,10,16.7,58.596169,214.571396,218.892905,58.2368024,0.83929795,175.265185,89.812869,254.006841,258.310684,58.837395,0.70728652,216.477549,0.59895141,65.6930424,218.702023,221.928459,54.364471,0.77036277,183.497129,0.50770098,-0.0114669,0.02173311,0.8777232,0.33473118,3.42970716,0.24238705,-51.713013,-24.724165,14.5250311,20.5665273,-3.4091426,-18.04978
30_minutes,5,GHI_d1_d2_d3,15,10,26.8,216.073462,216.386127,235.824431,7.25455851,0.084698,220.846458,256.039874,258.219106,258.268669,0.81306754,0.0081617,257.706252,0.71302324,221.766482,221.782438,223.397742,0.52806274,0.00637764,222.081708,0.61445703,-0.0111378,-0.0107498,0.0062386,0.00634136,-2.4305207,-0.0067479,-27.106106,-26.629717,3.04740181,11.2172649,-1.4564101,-19.743764
30_minutes,5,GHI_d1_d2_d3,20,10,21.3,216.092785,236.385088,242.643983,12.0728878,0.11453105,229.923521,256.355799,257.127583,258.282209,0.80229099,0.00741362,257.396603,0.71206912,221.773774,223.353376,224.635416,1.20930626,0.01267187,223.096232,0.61717962,-0.0111778,-0.0021572,0.00384981,0.00626141,-3.4910699,-0.0042641,-27.155531,4.04132904,12.6228853,18.2146465,-6.322187,-6.2410135
30_minutes,5,GHI_d1_d2_d3,25,10,14.8,135.405056,203.607148,220.841878,25.637477,0.37506599,196.979268,210.915417,233.227596,297.140976,26.0370647,0.32148336,239.749594,0.66324995,176.064494,201.159484,233.285261,18.3233127,0.26123732,203.58338,0.56319873,-0.3383313,0.17546128,0.32569686,0.1993271,4.92051272,0.11947857,-154.84771,-0.5220858,44.2822372,57.2311611,-17.106166,-9.9521977
30_minutes,5,GHI_season,5,10,21.1,26.5142469,30.481729,65.0396649,16.4327896,0.93722064,40.9479547,76.4781684,84.4086933,99.1823092,6.82936296,0.24181054,86.5531329,0.23949323,47.9747798,58.3526933,77.2719261,8.85931889,0.43746884,60.8872164,0.16847543,0.85085313,0.8919756,0.91132102,0.01833565,0.06300437,0.8857811,-20.996714,3.15400534,31.2234145,15.4730921,8.04562347,5.81448723
30_minutes,5,GHI_season,10,10,19.1,30.0104526,36.8786346,49.7546183,5.84638199,0.47252782,38.2906935,84.5128933,93.9485213,100.545578,5.76629198,0.16470554,92.8622779,0.25693192,59.2985813,68.8323918,74.606428,5.57141045,0.21771503,67.8393856,0.18769843,0.84675269,0.86617776,0.89172882,0.01621646,0.0494989,0.8688253,-25.508464,-12.694911,-4.8195367,6.3879742,-1.4502282,-13.42707
30_minutes,5,GHI_season,15,10,18.5,27.8994221,44.3189086,55.738319,9.81663494,0.62896487,42.6974667,78.1591633,104.621605,113.998907,13.3001317,0.34342037,98.8344536,0.27345577,50.7284429,79.7563627,84.4822798,13.1967769,0.44332819,73.085001,0.20221203,0.80299906,0.83400858,0.90739665,0.03835498,0.11622641,0.84951099,-30.361713,-11.285837,-2.5329695,9.1260863,-1.9658698,-13.086894
30_minutes,5,GHI_season,20,10,20.4,26.8840053,36.0591223,60.9843474,11.1236633,0.8299542,38.0872743,77.6525883,89.7738063,105.797938,10.7590076,0.30171665,90.177467,0.24946945,50.2025938,66.1568566,83.2859359,11.8174055,0.48692555,65.0514602,0.17996017,0.83033474,0.87773118,0.90859911,0.02964515,0.08612709,0.87515731,-28.546481,-4.9290229,17.1444207,13.2624335,-9.461235,-4.4026556
30_minutes,5,GHI_season,25,10,22.7,29.1218743,45.5621674,72.1615146,16.9385019,0.87447964,48.2144239,77.6169268,103.441692,118.574194,15.1808026,0.40405526,100.246074,0.27732353,51.1118096,77.8446236,93.1149506,15.6964094,0.55228121,74.9545818,0.20735644,0.78688261,0.83777323,0.90868305,0.04509784,0.14250327,0.84453035,-29.145026,-5.9443029,5.64567874,11.89656,-3.8569466,-8.5521749
30_minutes,5,GHI_season_d1,5,10,27.8,32.5235732,40.1096976,44.7561961,4.21535921,0.29345818,39.5580087,80.3378805,88.7475762,91.9249763,3.55885047,0.11699113,88.2053637,0.24406496,56.3363014,64.0286869,67.0943542,3.35977803,0.15611389,63.3226287,0.17521423,0.87188123,0.88057837,0.90214423,0.00933741,0.03067057,0.88186692,-5.9463593,6.69112854,15.3356876,6.76015295,3.53404732,5.69315151
30_minutes,5,GHI_season_d1,10,10,16.3,38.5127568,40.1286313,51.677476,5.08685063,0.28767265,43.2771494,84.3886706,92.9483336,111.29713,7.52106066,0.24711141,94.8164403,0.26233871,60.5242594,68.8194241,82.413116,6.22216647,0.26953323,70.8290865,0.19597035,0.81222626,0.8690266,0.89204688,0.022354,0.08022885,0.86294761,-37.500777,-16.884197,3.77807541,15.4310392,-2.6118719,-15.675961
30_minutes,5,GHI_season_d1,15,10,31.1,38.3277557,44.7722747,53.7109347,5.32537607,0.3168682,45.5497986,90.8145874,98.328732,104.332787,5.49273547,0.13511642,97.5153387,0.26980604,66.4248612,74.0003244,79.1211412,5.27217406,0.16944417,73.2585072,0.20269209,0.83499066,0.85340417,0.87498039,0.01619742,0.04553303,0.85543901,-29.350979,-7.3587,3.02458098,11.037607,-3.2174446,-9.786801
30_minutes,5,GHI_season_d1,20,10,25.3,39.3300436,44.0266723,64.6517585,8.77875528,0.49451715,47.7845105,90.797163,98.0746879,106.370975,4.12388104,0.13759072,98.1331069,0.27147816,66.4041519,72.3785037,83.5467195,4.48996053,0.19930399,73.1791117,0.20244473,0.82849183,0.85419982,0.87503653,0.01236403,0.04729825,0.85379597,-31.8892,5.09095327,21.0257009,16.9191925,17.7414956,2.79977804
30_minutes,5,GHI_season_d1,25,10,24.8,37.6596917,43.0623123,62.527563,7.98431809,0.47939126,46.7735607,87.9483495,93.2758981,96.8389336,3.08668448,0.09102476,93.058954,0.25744088,61.9615255,67.9200704,73.5810175,3.94256852,0.1621316,68.1104716,0.1884227,0.85785273,0.86812027,0.88275511,0.00867027,0.02735962,0.86860323,-4.747826,10.5173366,33.2433339,11.2230924,3.55264864,9.62474735
30_minutes,5,GHI_season_d1_d2,5,10,23.7,44.96442631,58.88280414,79.83865892,11.25191208,0.546620385,60.07573951,93.88629387,99.53798067,109.8705244,6.02994174,0.155105527,101.5254165,0.28092166,67.83916489,74.05581464,85.52864706,5.951583227,0.219417898,75.49114586,0.20888462,0.816975969,0.849763598,0.866355801,0.018680635,0.057692609,0.843226771,-7.467017129,6.876076565,33.08882633,12.85004933,3.824779907,9.896438923
30_minutes,5,GHI_season_d1_d2,10,10,22.2,47.16478276,55.10069783,101.8792436,18.57565847,0.820412078,63.08915377,99.24567055,103.568012,167.4560956,25.41262455,0.571218005,115.0868859,0.318423102,73.62705136,77.71823215,132.3810193,22.97540617,0.663323237,87.35476045,0.241693687,0.574921795,0.837385318,0.850689601,0.102596198,0.334498032,0.790410198,-33.18787043,-12.37540226,21.00415244,14.72361262,-4.17664852,-11.37846812
30_minutes,5,GHI_season_d1_d2,15,10,17.8,54.76127596,95.2597766,238.6434161,54.22655219,1.440996513,111.4443556,96.67787447,157.4165165,253.6811587,43.46395139,0.855204135,162.4996401,0.449605001,73.19167176,119.3505339,221.6079551,42.15571662,1.002789346,130.2934418,0.360496694,0.02446391,0.624298269,0.858315904,0.233668368,1.269152617,0.573939612,-37.28282553,-14.95533645,27.05673316,19.45453842,-5.303731119,-11.20400308
30_minutes,5,GHI_season_d1_d2,20,10,18.9,44.75901178,69.93264808,182.3847452,51.80142686,1.426382775,93.46081658,99.98146371,140.3313956,202.3492092,32.98231566,0.635653693,151.0781183,0.41794671,72.47981144,103.8867073,167.707493,32.4477979,0.782604642,115.7914915,0.320328804,0.379357442,0.701495892,0.848477366,0.15776383,0.69696657,0.639187111,-46.14226975,-36.2830122,34.82590932,33.08368859,-4.373263266,-18.35660245
30_minutes,5,GHI_season_d1_d2,25,10,22.4,51.06368113,78.46889358,229.5358985,64.8339877,1.536734924,109.1413885,102.5635695,146.7069109,251.9855746,47.74588104,0.811529178,167.7179756,0.463979674,75.33781839,109.8208102,219.3911579,46.79144471,0.993350515,131.661052,0.364230797,0.037524045,0.673731754,0.840549904,0.266048422,1.358876826,0.542519629,-64.72635011,-35.97426367,23.73578316,30.79415802,-3.534738776,-24.40732793
30_minutes,5,GHI_season_d1_d2_d3,5,10,10.1,229.1274397,230.2411562,235.1890304,1.792249895,0.02297721,230.9750165,256.8048265,256.8810756,256.9229956,0.037823853,0.000425516,256.8685885,0.710757491,222.8127083,222.9359114,223.5376726,0.21322892,0.002834868,223.0229116,0.617106225,-0.000810089,-0.000483529,0.000110324,0.000294606,-2.203943567,-0.000386283,-7.309600122,-5.64224135,1.741776067,2.677869462,-1.744075535,-4.544475775
30_minutes,5,GHI_season_d1_d2_d3,10,10,12,159.9890759,233.0738378,238.1178649,23.45554291,0.274070378,226.3038969,256.8434274,256.8745704,282.2951635,8.03881477,0.076098785,259.4164207,0.717754943,222.9260633,223.4089866,227.858219,1.456954679,0.018042513,223.8252083,0.619280959,-0.208019071,-0.000251339,-8.82E-06,0.065702821,-7.672889005,-0.021026493,-117.1434793,-1.500238781,6.002875692,37.0675838,-7.959472534,-12.26661256
30_minutes,5,GHI_season_d1_d2_d3,15,10,12.7,244.2403039,246.1013611,247.1553344,0.969304663,0.01111278,245.9237369,257.2831031,257.4579321,257.5695396,0.095476479,0.00104433,257.4434658,0.71229616,224.9006593,225.2169121,225.4035109,0.167325581,0.002094388,225.1881402,0.623051927,-0.005670982,-0.004799637,-0.003435463,0.000745157,-0.447702993,-0.004686845,15.05425188,17.79348415,19.34174587,1.425631493,0.229274868,17.53147063
30_minutes,5,GHI_season_d1_d2_d3,20,10,10.4,244.5827496,246.9310935,247.498963,0.874331231,0.010494625,246.6396098,257.3168174,257.5477159,257.6103227,0.08818915,0.001017558,257.5193954,0.71240882,224.9527923,225.3576758,225.4593066,0.15199558,0.001999409,225.3075476,0.623297068,-0.005923728,-0.005434851,-0.003632859,0.00068834,-0.392289242,-0.005213848,15.48121459,18.93502918,19.76870857,1.285414736,0.205614038,18.50627979
30_minutes,5,GHI_season_d1_d2_d3,25,10,NaN,NaN,NaN,NaN,NaN,NaN,NaN,NaN,NaN,NaN,NaN,NaN,NaN,NaN,NaN,NaN,NaN,NaN,NaN,NaN,NaN,NaN,NaN,NaN,NaN,NaN,NaN,NaN,NaN,NaN,NaN,NaN,NaN